0,0.9537191812430186,3.45,18,1,1,0,0,0,0,1,1,0,1,1,0,0,1,1,1,1,0,1,0,0,0,1,1,0,1,0,0,0,1,0,1,1,1
0,0.9474382619909615,9.79,18,1,0,1,0,1,0,0,0,1,0,1,1,0,0,0,1,1,1,0,1,1,1,0,0,0,0,1,1,1,0,1,1,1,0
0,0.9605944574142684,9.31,14,1,0,1,1,0,0,1,0,0,0,1,0,1,0,0,0,0,1,0,1,0,1,1,0,0,0,0,0,0,1,0,1,1,1
0,0.8901539602777806,9.68,19,0,0,1,1,0,0,1,1,1,0,0,0,1,0,1,0,1,1,0,1,0,0,0,1,1,1,1,1,1,0,1,1,0,1
0,0.9486870804849041,9.44,14,1,1,1,0,1,0,1,0,0,0,0,1,0,0,1,0,0,0,1,0,0,0,1,0,0,1,0,1,1,0,1,0,0,1
0,0.9512109241146914,7.78,19,0,1,1,1,1,1,0,0,1,0,0,0,1,0,1,1,1,1,0,0,1,1,0,0,0,1,1,0,1,0,1,0,1,1
0,0.9453909697456664,8.16,14,0,1,1,0,1,0,0,0,1,0,0,1,0,1,1,1,0,0,1,0,1,0,0,0,0,1,0,1,0,0,0,0,1,1
0,0.5479624413608571,12.17,15,0,0,1,1,0,1,0,1,0,0,0,0,1,1,1,0,0,1,0,1,0,0,1,1,1,0,0,0,1,1,0,1,0,0
0,0.9618454259596925,5.94,17,0,1,1,1,0,1,1,0,1,1,1,0,0,0,1,0,0,1,1,0,0,0,1,0,0,1,0,0,1,0,1,1,0,1
0,0.924309070370722,8.59,22,0,1,0,1,1,1,0,0,1,0,1,0,1,0,1,1,1,1,1,1,1,0,0,1,0,1,1,1,1,0,1,1,0,1
0,0.9570027230834776,7.54,17,0,1,1,0,1,1,1,0,1,0,1,1,0,0,0,1,1,1,1,0,1,1,0,0,0,0,0,0,1,0,1,1,0,0
0,0.9478919636586441,9.92,15,0,1,0,1,1,0,0,0,1,0,0,0,0,0,1,1,1,1,1,0,0,1,1,0,0,0,1,1,0,1,1,0,0,0
0,0.9467976799721652,5.39,13,0,1,0,0,0,0,0,1,0,1,0,0,1,0,0,1,1,0,0,0,1,0,1,0,1,0,1,1,1,0,0,0,1,0
0,0.5077002241430114,13.15,16,1,0,1,0,0,0,0,0,1,0,0,0,1,1,1,1,0,0,0,0,1,1,1,1,1,0,0,0,1,1,1,0,0,1
0,0.9465277558725218,3.14,22,1,1,1,1,1,1,1,1,1,1,0,1,0,1,1,0,0,0,0,0,1,1,0,1,0,1,1,1,1,0,0,1,0,1
0,0.9586333470868456,6.15,19,0,1,1,0,0,1,1,0,1,0,0,1,1,0,1,1,1,0,1,0,0,1,0,1,0,1,1,0,0,1,1,0,1,1
0,0.9314536655080387,9.56,16,0,0,0,0,0,0,0,0,1,1,1,0,0,1,1,1,0,0,1,0,1,1,1,0,1,0,1,0,0,1,1,1,1,0
0,0.9309242030911291,9.61,13,0,0,1,0,0,1,1,1,1,0,1,0,0,1,0,1,0,0,0,0,0,0,1,0,1,0,1,0,0,0,0,1,1,0
0,0.9397986080228373,5.7,19,1,0,1,0,0,0,0,1,1,0,1,0,1,1,1,0,0,0,0,1,1,0,1,1,1,1,1,1,0,0,1,0,1,1
0,0.9471971071627228,8.2,15,1,0,1,0,0,1,0,1,0,0,1,0,1,1,1,1,0,1,0,0,1,1,1,0,0,0,1,0,0,0,0,0,0,1
1,0.5442292869456112,12.15,14,0,0,1,1,0,1,0,1,0,0,0,0,0,1,1,0,0,1,0,1,0,0,1,0,1,0,1,0,1,1,0,1,0,0
1,0.9334959451810588,9.68,14,0,0,1,0,0,1,1,1,1,0,1,0,1,1,0,1,0,0,0,0,0,0,1,1,1,0,0,0,0,0,0,1,1,0
1,0.9532326071060749,6.98,19,0,1,0,0,1,1,0,0,1,0,1,1,0,0,1,1,0,0,1,0,1,0,0,1,0,1,1,1,1,0,1,1,1,1
1,0.9246055522149342,9.77,17,0,1,1,1,1,0,0,0,1,0,0,0,1,1,1,1,1,1,1,1,1,0,0,0,0,1,0,1,0,0,0,0,0,1
1,0.9602055659729489,11.71,17,0,0,1,1,1,1,0,1,0,0,0,0,1,0,1,1,0,1,0,1,0,0,1,1,0,1,1,0,1,1,0,0,1,0
1,0.9370328120481797,8.83,17,0,1,1,1,0,1,0,0,1,0,0,0,1,1,1,0,1,1,0,0,1,1,0,0,1,0,0,0,1,0,1,1,0,1
1,0.9306907277036599,5.39,18,0,1,1,1,0,1,1,1,0,1,0,0,0,0,1,1,0,0,0,0,1,0,1,1,0,1,1,1,1,0,0,1,0,1
1,0.9557353762657725,3.53,17,1,1,0,0,1,0,0,1,1,1,0,1,1,1,0,0,1,0,0,0,1,1,0,0,1,0,1,1,1,0,0,0,1,0
2,0.8811291811366027,10.7,17,0,0,1,1,0,0,0,1,1,0,0,0,1,1,1,1,0,1,0,1,1,0,1,1,1,0,0,0,1,1,0,0,0,1
2,0.5654632999059418,15.33,14,1,0,1,0,0,1,0,0,0,0,0,0,1,1,1,0,0,0,0,0,0,1,1,1,1,0,0,0,1,1,1,1,0,0
2,0.9378082950978958,8.89,18,0,0,0,0,1,1,0,0,1,0,1,1,0,0,1,1,1,1,0,1,1,0,0,0,0,0,1,1,1,0,1,1,1,1
2,0.9345453747517323,8.92,22,1,1,1,1,1,0,0,0,1,0,1,0,1,0,0,1,1,1,1,1,1,1,0,1,0,1,1,1,1,0,1,1,0,0
2,0.9083421983888323,10.24,13,0,0,1,0,0,1,0,1,1,0,1,0,1,0,0,1,0,0,0,0,1,0,0,1,0,1,1,0,0,0,0,1,0,1
2,0.9595904525513966,5.56,23,0,1,0,1,1,1,1,0,1,0,1,0,1,1,1,1,1,1,1,1,0,0,1,1,1,0,0,1,1,0,1,1,1,0
2,0.914075651191228,9.1,19,1,1,1,0,1,0,0,0,1,0,0,1,1,1,1,1,0,0,1,0,1,0,0,1,1,0,0,1,1,1,1,0,0,1
2,0.5330365685614636,12.52,11,0,0,1,0,0,0,0,0,1,0,0,0,0,1,1,1,0,0,0,0,1,1,1,0,0,1,0,0,0,0,0,0,1,1
3,0.5077002241430114,13.15,16,1,0,1,0,0,0,0,0,1,0,0,0,1,1,1,1,0,0,0,0,1,1,1,1,1,0,0,0,1,1,1,0,0,1
3,0.5077002241430114,13.15,16,1,0,1,0,0,0,0,0,1,0,0,0,1,1,1,1,0,0,0,0,1,1,1,1,1,0,0,0,1,1,1,0,0,1
3,0.5077002241430114,13.15,16,1,0,1,0,0,0,0,0,1,0,0,0,1,1,1,1,0,0,0,0,1,1,1,1,1,0,0,0,1,1,1,0,0,1
3,0.5077002241430114,13.15,16,1,0,1,0,0,0,0,0,1,0,0,0,1,1,1,1,0,0,0,0,1,1,1,1,1,0,0,0,1,1,1,0,0,1
3,0.5077002241430114,13.15,16,1,0,1,0,0,0,0,0,1,0,0,0,1,1,1,1,0,0,0,0,1,1,1,1,1,0,0,0,1,1,1,0,0,1
3,0.5077002241430114,13.15,16,1,0,1,0,0,0,0,0,1,0,0,0,1,1,1,1,0,0,0,0,1,1,1,1,1,0,0,0,1,1,1,0,0,1
3,0.9286544071831155,6.48,20,1,0,1,1,0,1,0,1,0,1,0,0,1,1,1,1,0,0,0,0,1,1,1,1,0,1,0,1,1,1,0,1,0,1
3,0.92977872189144,8.22,14,0,1,1,0,0,0,1,0,1,0,0,0,0,0,1,1,0,0,0,0,1,0,1,1,1,0,1,0,1,0,1,0,0,1
3,0.49701302118001206,12.49,14,1,0,1,0,0,0,0,0,1,0,0,0,1,0,0,1,0,0,0,0,1,0,1,1,1,1,1,0,0,1,0,1,0,1
3,0.9148254992649518,10.75,15,0,0,1,0,0,1,0,1,1,0,1,0,1,1,1,1,0,0,0,0,1,1,0,1,0,0,0,0,1,0,1,0,0,1
4,0.5077002241430114,13.15,16,1,0,1,0,0,0,0,0,1,0,0,0,1,1,1,1,0,0,0,0,1,1,1,1,1,0,0,0,1,1,1,0,0,1
4,0.5077002241430114,13.15,16,1,0,1,0,0,0,0,0,1,0,0,0,1,1,1,1,0,0,0,0,1,1,1,1,1,0,0,0,1,1,1,0,0,1
4,0.5077002241430114,13.15,16,1,0,1,0,0,0,0,0,1,0,0,0,1,1,1,1,0,0,0,0,1,1,1,1,1,0,0,0,1,1,1,0,0,1
4,0.5077002241430114,13.15,16,1,0,1,0,0,0,0,0,1,0,0,0,1,1,1,1,0,0,0,0,1,1,1,1,1,0,0,0,1,1,1,0,0,1
4,0.5077002241430114,13.15,16,1,0,1,0,0,0,0,0,1,0,0,0,1,1,1,1,0,0,0,0,1,1,1,1,1,0,0,0,1,1,1,0,0,1
4,0.5077002241430114,13.15,16,1,0,1,0,0,0,0,0,1,0,0,0,1,1,1,1,0,0,0,0,1,1,1,1,1,0,0,0,1,1,1,0,0,1
4,0.5077002241430114,13.15,16,1,0,1,0,0,0,0,0,1,0,0,0,1,1,1,1,0,0,0,0,1,1,1,1,1,0,0,0,1,1,1,0,0,1
4,0.5077002241430114,13.15,16,1,0,1,0,0,0,0,0,1,0,0,0,1,1,1,1,0,0,0,0,1,1,1,1,1,0,0,0,1,1,1,0,0,1
4,0.4951136696881682,12.99,15,1,0,1,0,0,0,0,0,1,0,0,0,1,0,0,1,0,0,0,0,1,0,1,1,1,1,1,0,1,1,1,0,0,1
4,0.5098260826848666,12.64,15,1,0,1,0,0,0,0,0,1,0,0,0,1,1,1,1,0,0,0,0,1,1,1,1,1,0,0,0,0,1,0,1,0,1
4,0.49701302118001206,12.49,14,1,0,1,0,0,0,0,0,1,0,0,0,1,0,0,1,0,0,0,0,1,0,1,1,1,1,1,0,0,1,0,1,0,1
4,0.49701302118001206,12.49,14,1,0,1,0,0,0,0,0,1,0,0,0,1,0,0,1,0,0,0,0,1,0,1,1,1,1,1,0,0,1,0,1,0,1
5,0.5019179482564845,13.16,15,1,0,1,0,0,0,0,0,1,0,0,0,1,0,1,1,0,0,0,0,1,0,1,1,1,0,1,0,1,1,1,0,0,1
5,0.5009397727027495,12.97,16,1,0,1,0,0,0,0,0,1,0,0,0,1,1,0,1,0,0,0,0,1,1,1,1,1,1,0,0,1,1,1,0,0,1
5,0.5180456404158552,14.19,12,1,0,1,0,0,0,0,0,1,0,0,0,1,0,0,1,0,0,0,0,0,0,1,1,1,1,1,0,0,1,0,0,0,1
5,0.4971334290174289,12.01,16,1,0,1,0,0,0,0,0,1,0,0,0,1,0,0,1,0,0,0,0,1,0,1,1,1,1,1,0,1,1,1,1,0,1
5,0.504226326090502,12.16,15,1,0,1,0,0,0,0,0,1,0,0,0,1,0,0,1,0,0,0,0,1,0,1,1,1,0,1,0,1,1,1,1,0,1
5,0.5000247325103684,13.54,15,1,0,1,0,0,0,0,0,1,0,0,0,1,1,1,1,0,0,0,0,1,1,1,1,1,1,0,0,0,1,0,0,0,1
5,0.5015657570004204,13.0,16,1,0,1,0,0,0,0,0,1,0,0,0,1,1,0,1,0,0,0,0,1,1,1,1,1,0,1,0,1,1,1,0,0,1
5,0.5012426400692568,13.14,15,1,0,1,0,0,0,0,0,1,0,0,0,1,0,1,1,0,0,0,0,1,0,1,1,1,1,0,0,1,1,1,0,0,1
5,0.4965164783626952,12.34,17,1,0,1,0,0,0,0,0,1,0,0,0,1,1,1,1,0,0,0,0,1,1,1,1,1,1,1,0,0,1,0,1,0,1
5,0.5080250871601961,13.32,13,1,0,1,0,0,0,0,0,1,0,0,0,1,0,0,1,0,0,0,0,1,0,1,1,1,0,0,0,1,1,1,0,0,1
6,0.9102844807603131,11.87,18,1,0,1,0,0,0,0,0,1,0,0,0,1,1,0,1,0,0,0,0,1,1,1,1,1,1,1,0,1,1,1,1,0,1
6,0.5010924292863609,13.75,12,1,0,1,0,0,0,0,0,1,0,0,0,1,0,0,1,0,0,0,0,1,0,1,1,1,0,1,0,0,1,0,0,0,1
6,0.5000247325103684,13.54,15,1,0,1,0,0,0,0,0,1,0,0,0,1,1,1,1,0,0,0,0,1,1,1,1,1,1,0,0,0,1,0,0,0,1
6,0.4965164783626952,12.34,17,1,0,1,0,0,0,0,0,1,0,0,0,1,1,1,1,0,0,0,0,1,1,1,1,1,1,1,0,0,1,0,1,0,1
6,0.4971334290174289,12.01,16,1,0,1,0,0,0,0,0,1,0,0,0,1,0,0,1,0,0,0,0,1,0,1,1,1,1,1,0,1,1,1,1,0,1
6,0.49701302118001206,12.49,14,1,0,1,0,0,0,0,0,1,0,0,0,1,0,0,1,0,0,0,0,1,0,1,1,1,1,1,0,0,1,0,1,0,1
6,0.4951136696881682,12.99,15,1,0,1,0,0,0,0,0,1,0,0,0,1,0,0,1,0,0,0,0,1,0,1,1,1,1,1,0,1,1,1,0,0,1
6,0.5028245081500237,12.48,15,1,0,1,0,0,0,0,0,1,0,0,0,1,1,0,1,0,0,0,0,1,1,1,1,1,1,0,0,0,1,0,1,0,1
6,0.49701302118001206,12.49,14,1,0,1,0,0,0,0,0,1,0,0,0,1,0,0,1,0,0,0,0,1,0,1,1,1,1,1,0,0,1,0,1,0,1
6,0.49701302118001206,12.49,14,1,0,1,0,0,0,0,0,1,0,0,0,1,0,0,1,0,0,0,0,1,0,1,1,1,1,1,0,0,1,0,1,0,1
7,0.49701302118001206,12.49,14,1,0,1,0,0,0,0,0,1,0,0,0,1,0,0,1,0,0,0,0,1,0,1,1,1,1,1,0,0,1,0,1,0,1
7,0.49701302118001206,12.49,14,1,0,1,0,0,0,0,0,1,0,0,0,1,0,0,1,0,0,0,0,1,0,1,1,1,1,1,0,0,1,0,1,0,1
7,0.49701302118001206,12.49,14,1,0,1,0,0,0,0,0,1,0,0,0,1,0,0,1,0,0,0,0,1,0,1,1,1,1,1,0,0,1,0,1,0,1
7,0.49701302118001206,12.49,14,1,0,1,0,0,0,0,0,1,0,0,0,1,0,0,1,0,0,0,0,1,0,1,1,1,1,1,0,0,1,0,1,0,1
7,0.49701302118001206,12.49,14,1,0,1,0,0,0,0,0,1,0,0,0,1,0,0,1,0,0,0,0,1,0,1,1,1,1,1,0,0,1,0,1,0,1
7,0.49701302118001206,12.49,14,1,0,1,0,0,0,0,0,1,0,0,0,1,0,0,1,0,0,0,0,1,0,1,1,1,1,1,0,0,1,0,1,0,1
7,0.4971334290174289,12.01,16,1,0,1,0,0,0,0,0,1,0,0,0,1,0,0,1,0,0,0,0,1,0,1,1,1,1,1,0,1,1,1,1,0,1
7,0.49701302118001206,12.49,14,1,0,1,0,0,0,0,0,1,0,0,0,1,0,0,1,0,0,0,0,1,0,1,1,1,1,1,0,0,1,0,1,0,1
7,0.4965201264333376,12.34,16,1,0,1,0,0,0,0,0,1,0,0,0,1,1,0,1,0,0,0,0,1,1,1,1,1,1,1,0,0,1,0,1,0,1
7,0.4970093731093697,12.49,15,1,0,1,0,0,0,0,0,1,0,0,0,1,0,1,1,0,0,0,0,1,0,1,1,1,1,1,0,0,1,0,1,0,1
7,0.9103666108077475,11.99,18,1,0,1,0,0,0,0,0,1,0,0,0,1,0,1,1,0,0,0,0,1,1,1,1,1,1,1,0,1,1,1,1,0,1
7,0.4969948795490071,12.36,15,1,0,1,0,0,0,0,0,1,0,0,0,1,1,0,1,0,0,0,0,1,0,1,1,1,1,1,0,0,1,0,1,0,1
8,0.4951136696881682,12.99,15,1,0,1,0,0,0,0,0,1,0,0,0,1,0,0,1,0,0,0,0,1,0,1,1,1,1,1,0,1,1,1,0,0,1
8,0.49701302118001206,12.49,14,1,0,1,0,0,0,0,0,1,0,0,0,1,0,0,1,0,0,0,0,1,0,1,1,1,1,1,0,0,1,0,1,0,1
8,0.49701302118001206,12.49,14,1,0,1,0,0,0,0,0,1,0,0,0,1,0,0,1,0,0,0,0,1,0,1,1,1,1,1,0,0,1,0,1,0,1
8,0.49701302118001206,12.49,14,1,0,1,0,0,0,0,0,1,0,0,0,1,0,0,1,0,0,0,0,1,0,1,1,1,1,1,0,0,1,0,1,0,1
8,0.49699123147836477,12.36,16,1,0,1,0,0,0,0,0,1,0,0,0,1,1,1,1,0,0,0,0,1,0,1,1,1,1,1,0,0,1,0,1,0,1
8,0.4965346288724859,12.47,15,1,0,1,0,0,0,0,0,1,0,0,0,1,0,0,1,0,0,0,0,1,1,1,1,1,1,1,0,0,1,0,1,0,1
8,0.49701302118001206,12.49,14,1,0,1,0,0,0,0,0,1,0,0,0,1,0,0,1,0,0,0,0,1,0,1,1,1,1,1,0,0,1,0,1,0,1
8,0.49701302118001206,12.49,14,1,0,1,0,0,0,0,0,1,0,0,0,1,0,0,1,0,0,0,0,1,0,1,1,1,1,1,0,0,1,0,1,0,1
8,0.49675553625347046,12.48,16,1,0,1,0,0,0,0,0,1,0,0,0,1,0,1,1,0,0,1,0,1,0,1,1,1,1,1,0,0,1,0,1,0,1
8,0.9103666108077475,11.99,18,1,0,1,0,0,0,0,0,1,0,0,0,1,0,1,1,0,0,0,0,1,1,1,1,1,1,1,0,1,1,1,1,0,1
8,0.4969948795490071,12.36,15,1,0,1,0,0,0,0,0,1,0,0,0,1,1,0,1,0,0,0,0,1,0,1,1,1,1,1,0,0,1,0,1,0,1
9,0.49676843241318736,12.34,17,1,0,1,0,0,0,0,0,1,0,0,0,1,1,1,1,0,0,1,0,1,0,1,1,1,1,1,0,0,1,0,1,0,1
9,0.4970093731093697,12.49,15,1,0,1,0,0,0,0,0,1,0,0,0,1,0,1,1,0,0,0,0,1,0,1,1,1,1,1,0,0,1,0,1,0,1
9,0.4969948795490071,12.36,15,1,0,1,0,0,0,0,0,1,0,0,0,1,1,0,1,0,0,0,0,1,0,1,1,1,1,1,0,0,1,0,1,0,1
9,0.49701302118001206,12.49,14,1,0,1,0,0,0,0,0,1,0,0,0,1,0,0,1,0,0,0,0,1,0,1,1,1,1,1,0,0,1,0,1,0,1
9,0.4965201264333376,12.34,16,1,0,1,0,0,0,0,0,1,0,0,0,1,1,0,1,0,0,0,0,1,1,1,1,1,1,1,0,0,1,0,1,0,1
9,0.4970093731093697,12.49,15,1,0,1,0,0,0,0,0,1,0,0,0,1,0,1,1,0,0,0,0,1,0,1,1,1,1,1,0,0,1,0,1,0,1
9,0.4965164783626952,12.34,17,1,0,1,0,0,0,0,0,1,0,0,0,1,1,1,1,0,0,0,0,1,1,1,1,1,1,1,0,0,1,0,1,0,1
9,0.49699123147836477,12.36,16,1,0,1,0,0,0,0,0,1,0,0,0,1,1,1,1,0,0,0,0,1,0,1,1,1,1,1,0,0,1,0,1,0,1
9,0.4965346288724859,12.47,15,1,0,1,0,0,0,0,0,1,0,0,0,1,0,0,1,0,0,0,0,1,1,1,1,1,1,1,0,0,1,0,1,0,1
9,0.4965346288724859,12.47,15,1,0,1,0,0,0,0,0,1,0,0,0,1,0,0,1,0,0,0,0,1,1,1,1,1,1,1,0,0,1,0,1,0,1
10,0.49465172263066365,12.96,17,1,0,1,0,0,0,0,0,1,0,0,0,1,0,1,1,0,0,0,0,1,1,1,1,1,1,1,0,1,1,1,0,0,1
10,0.4969948795490071,12.36,15,1,0,1,0,0,0,0,0,1,0,0,0,1,1,0,1,0,0,0,0,1,0,1,1,1,1,1,0,0,1,0,1,0,1
10,0.49377501806781293,13.53,14,1,0,1,0,0,0,0,0,1,0,0,0,1,0,0,1,0,0,0,0,1,1,1,1,1,1,1,0,0,1,0,0,0,1
10,0.9107756461526512,11.89,18,1,0,1,0,0,0,0,0,1,0,0,0,1,1,1,1,0,0,0,0,1,0,1,1,1,1,1,0,1,1,1,1,0,1
10,0.4951136696881682,12.99,15,1,0,1,0,0,0,0,0,1,0,0,0,1,0,0,1,0,0,0,0,1,0,1,1,1,1,1,0,1,1,1,0,0,1
10,0.4951136696881682,12.99,15,1,0,1,0,0,0,0,0,1,0,0,0,1,0,0,1,0,0,0,0,1,0,1,1,1,1,1,0,1,1,1,0,0,1
10,0.4951136696881682,12.99,15,1,0,1,0,0,0,0,0,1,0,0,0,1,0,0,1,0,0,0,0,1,0,1,1,1,1,1,0,1,1,1,0,0,1
10,0.4951136696881682,12.99,15,1,0,1,0,0,0,0,0,1,0,0,0,1,0,0,1,0,0,0,0,1,0,1,1,1,1,1,0,1,1,1,0,0,1
10,0.4965309808018435,12.47,16,1,0,1,0,0,0,0,0,1,0,0,0,1,0,1,1,0,0,0,0,1,1,1,1,1,1,1,0,0,1,0,1,0,1
10,0.49676843241318736,12.34,17,1,0,1,0,0,0,0,0,1,0,0,0,1,1,1,1,0,0,1,0,1,0,1,1,1,1,1,0,0,1,0,1,0,1
10,0.49535481401171627,13.0,15,1,0,1,0,0,0,0,0,1,0,0,0,1,0,1,1,0,0,0,0,1,0,1,1,1,1,1,0,0,1,1,0,0,1
10,0.49649064751820937,12.47,16,1,0,1,0,0,0,0,0,1,0,0,0,1,0,0,1,0,0,1,0,1,0,1,1,1,1,1,0,1,1,0,1,0,1
11,0.49695990295645603,13.02,15,1,0,1,0,0,0,0,0,1,0,0,0,1,0,0,1,0,0,0,0,1,1,0,1,1,1,1,0,1,1,1,0,0,1
11,0.4951100216175258,12.99,16,1,0,1,0,0,0,0,0,1,0,0,0,1,0,1,1,0,0,0,0,1,0,1,1,1,1,1,0,1,1,1,0,0,1
11,0.4951136696881682,12.99,15,1,0,1,0,0,0,0,0,1,0,0,0,1,0,0,1,0,0,0,0,1,0,1,1,1,1,1,0,1,1,1,0,0,1
11,0.4951136696881682,12.99,15,1,0,1,0,0,0,0,0,1,0,0,0,1,0,0,1,0,0,0,0,1,0,1,1,1,1,1,0,1,1,1,0,0,1
11,0.49465172263066365,12.96,17,1,0,1,0,0,0,0,0,1,0,0,0,1,0,1,1,0,0,0,0,1,1,1,1,1,1,1,0,1,1,1,0,0,1
11,0.4951136696881682,12.99,15,1,0,1,0,0,0,0,0,1,0,0,0,1,0,0,1,0,0,0,0,1,0,1,1,1,1,1,0,1,1,1,0,0,1
11,0.49465172263066365,12.96,17,1,0,1,0,0,0,0,0,1,0,0,0,1,0,1,1,0,0,0,0,1,1,1,1,1,1,1,0,1,1,1,0,0,1
11,0.4951136696881682,12.99,15,1,0,1,0,0,0,0,0,1,0,0,0,1,0,0,1,0,0,0,0,1,0,1,1,1,1,1,0,1,1,1,0,0,1
11,0.49465172263066365,12.96,17,1,0,1,0,0,0,0,0,1,0,0,0,1,0,1,1,0,0,0,0,1,1,1,1,1,1,1,0,1,1,1,0,0,1
12,0.49465537070130605,12.96,16,1,0,1,0,0,0,0,0,1,0,0,0,1,0,0,1,0,0,0,0,1,1,1,1,1,1,1,0,1,1,1,0,0,1
12,0.4951100216175258,12.99,16,1,0,1,0,0,0,0,0,1,0,0,0,1,0,1,1,0,0,0,0,1,0,1,1,1,1,1,0,1,1,1,0,0,1
12,0.49465172263066365,12.96,17,1,0,1,0,0,0,0,0,1,0,0,0,1,0,1,1,0,0,0,0,1,1,1,1,1,1,1,0,1,1,1,0,0,1
12,0.4951136696881682,12.99,15,1,0,1,0,0,0,0,0,1,0,0,0,1,0,0,1,0,0,0,0,1,0,1,1,1,1,1,0,1,1,1,0,0,1
12,0.49465172263066365,12.96,17,1,0,1,0,0,0,0,0,1,0,0,0,1,0,1,1,0,0,0,0,1,1,1,1,1,1,1,0,1,1,1,0,0,1
12,0.5014450226170234,13.14,16,1,0,1,0,0,0,0,0,1,0,0,0,1,0,1,1,0,0,0,0,1,1,1,1,1,0,1,0,1,1,1,0,0,1
12,0.49465172263066365,12.96,17,1,0,1,0,0,0,0,0,1,0,0,0,1,0,1,1,0,0,0,0,1,1,1,1,1,1,1,0,1,1,1,0,0,1
12,0.49465172263066365,12.96,17,1,0,1,0,0,0,0,0,1,0,0,0,1,0,1,1,0,0,0,0,1,1,1,1,1,1,1,0,1,1,1,0,0,1
13,0.4890144962595747,12.82,18,1,0,1,0,0,0,0,0,1,0,0,0,1,0,1,1,1,0,0,0,1,1,1,1,1,1,1,0,1,1,1,0,0,1
13,0.49465172263066365,12.96,17,1,0,1,0,0,0,0,0,1,0,0,0,1,0,1,1,0,0,0,0,1,1,1,1,1,1,1,0,1,1,1,0,0,1
13,0.49465172263066365,12.96,17,1,0,1,0,0,0,0,0,1,0,0,0,1,0,1,1,0,0,0,0,1,1,1,1,1,1,1,0,1,1,1,0,0,1
13,0.49465172263066365,12.96,17,1,0,1,0,0,0,0,0,1,0,0,0,1,0,1,1,0,0,0,0,1,1,1,1,1,1,1,0,1,1,1,0,0,1
13,0.49377501806781293,13.53,14,1,0,1,0,0,0,0,0,1,0,0,0,1,0,0,1,0,0,0,0,1,1,1,1,1,1,1,0,0,1,0,0,0,1
13,0.4949220921264228,12.97,16,1,0,1,0,0,0,0,0,1,0,0,0,1,0,1,1,0,0,0,0,1,1,1,1,1,1,1,0,0,1,1,0,0,1
13,0.49349553739357066,13.52,15,1,0,1,0,0,0,0,0,1,0,0,0,1,0,0,1,0,0,0,0,1,1,1,1,1,1,1,0,1,1,0,0,0,1
13,0.4890144962595747,12.82,18,1,0,1,0,0,0,0,0,1,0,0,0,1,0,1,1,1,0,0,0,1,1,1,1,1,1,1,0,1,1,1,0,0,1
13,0.49465172263066365,12.96,17,1,0,1,0,0,0,0,0,1,0,0,0,1,0,1,1,0,0,0,0,1,1,1,1,1,1,1,0,1,1,1,0,0,1
13,0.49349553739357066,13.52,15,1,0,1,0,0,0,0,0,1,0,0,0,1,0,0,1,0,0,0,0,1,1,1,1,1,1,1,0,1,1,0,0,0,1
13,0.4949220921264228,12.97,16,1,0,1,0,0,0,0,0,1,0,0,0,1,0,1,1,0,0,0,0,1,1,1,1,1,1,1,0,0,1,1,0,0,1
14,0.49349553739357066,13.52,15,1,0,1,0,0,0,0,0,1,0,0,0,1,0,0,1,0,0,0,0,1,1,1,1,1,1,1,0,1,1,0,0,0,1
14,0.49349553739357066,13.52,15,1,0,1,0,0,0,0,0,1,0,0,0,1,0,0,1,0,0,0,0,1,1,1,1,1,1,1,0,1,1,0,0,0,1
14,0.49377501806781293,13.53,14,1,0,1,0,0,0,0,0,1,0,0,0,1,0,0,1,0,0,0,0,1,1,1,1,1,1,1,0,0,1,0,0,0,1
14,0.49349553739357066,13.52,15,1,0,1,0,0,0,0,0,1,0,0,0,1,0,0,1,0,0,0,0,1,1,1,1,1,1,1,0,1,1,0,0,0,1
14,0.49377136999717064,13.53,15,1,0,1,0,0,0,0,0,1,0,0,0,1,0,1,1,0,0,0,0,1,1,1,1,1,1,1,0,0,1,0,0,0,1
14,0.49465537070130605,12.96,16,1,0,1,0,0,0,0,0,1,0,0,0,1,0,0,1,0,0,0,0,1,1,1,1,1,1,1,0,1,1,1,0,0,1
14,0.49465172263066365,12.96,17,1,0,1,0,0,0,0,0,1,0,0,0,1,0,1,1,0,0,0,0,1,1,1,1,1,1,1,0,1,1,1,0,0,1
14,0.49465172263066365,12.96,17,1,0,1,0,0,0,0,0,1,0,0,0,1,0,1,1,0,0,0,0,1,1,1,1,1,1,1,0,1,1,1,0,0,1
14,0.49465172263066365,12.96,17,1,0,1,0,0,0,0,0,1,0,0,0,1,0,1,1,0,0,0,0,1,1,1,1,1,1,1,0,1,1,1,0,0,1
14,0.49349553739357066,13.52,15,1,0,1,0,0,0,0,0,1,0,0,0,1,0,0,1,0,0,0,0,1,1,1,1,1,1,1,0,1,1,0,0,0,1
14,0.4890181443302171,12.82,17,1,0,1,0,0,0,0,0,1,0,0,0,1,0,0,1,1,0,0,0,1,1,1,1,1,1,1,0,1,1,1,0,0,1
14,0.49349188932292826,13.52,16,1,0,1,0,0,0,0,0,1,0,0,0,1,0,1,1,0,0,0,0,1,1,1,1,1,1,1,0,1,1,0,0,0,1
15,0.4881817101970486,13.38,15,1,0,1,0,0,0,0,0,1,0,0,0,1,0,0,1,1,0,0,0,1,1,1,1,1,1,1,0,0,1,0,0,0,1
15,0.49465537070130605,12.96,16,1,0,1,0,0,0,0,0,1,0,0,0,1,0,0,1,0,0,0,0,1,1,1,1,1,1,1,0,1,1,1,0,0,1
15,0.49465537070130605,12.96,16,1,0,1,0,0,0,0,0,1,0,0,0,1,0,0,1,0,0,0,0,1,1,1,1,1,1,1,0,1,1,1,0,0,1
15,0.48792778135558595,13.37,17,1,0,1,0,0,0,0,0,1,0,0,0,1,0,1,1,1,0,0,0,1,1,1,1,1,1,1,0,1,1,0,0,0,1
15,0.48792778135558595,13.37,17,1,0,1,0,0,0,0,0,1,0,0,0,1,0,1,1,1,0,0,0,1,1,1,1,1,1,1,0,1,1,0,0,0,1
15,0.49465537070130605,12.96,16,1,0,1,0,0,0,0,0,1,0,0,0,1,0,0,1,0,0,0,0,1,1,1,1,1,1,1,0,1,1,1,0,0,1
16,0.4881817101970486,13.38,15,1,0,1,0,0,0,0,0,1,0,0,0,1,0,0,1,1,0,0,0,1,1,1,1,1,1,1,0,0,1,0,0,0,1
16,0.4881817101970486,13.38,15,1,0,1,0,0,0,0,0,1,0,0,0,1,0,0,1,1,0,0,0,1,1,1,1,1,1,1,0,0,1,0,0,0,1
16,0.48792778135558595,13.37,17,1,0,1,0,0,0,0,0,1,0,0,0,1,0,1,1,1,0,0,0,1,1,1,1,1,1,1,0,1,1,0,0,0,1
16,0.4890144962595747,12.82,18,1,0,1,0,0,0,0,0,1,0,0,0,1,0,1,1,1,0,0,0,1,1,1,1,1,1,1,0,1,1,1,0,0,1
16,0.48793142942622825,13.37,16,1,0,1,0,0,0,0,0,1,0,0,0,1,0,0,1,1,0,0,0,1,1,1,1,1,1,1,0,1,1,0,0,0,1
16,0.4890144962595747,12.82,18,1,0,1,0,0,0,0,0,1,0,0,0,1,0,1,1,1,0,0,0,1,1,1,1,1,1,1,0,1,1,1,0,0,1
16,0.48792778135558595,13.37,17,1,0,1,0,0,0,0,0,1,0,0,0,1,0,1,1,1,0,0,0,1,1,1,1,1,1,1,0,1,1,0,0,0,1
16,0.48792778135558595,13.37,17,1,0,1,0,0,0,0,0,1,0,0,0,1,0,1,1,1,0,0,0,1,1,1,1,1,1,1,0,1,1,0,0,0,1
16,0.48793142942622825,13.37,16,1,0,1,0,0,0,0,0,1,0,0,0,1,0,0,1,1,0,0,0,1,1,1,1,1,1,1,0,1,1,0,0,0,1
16,0.4881780621264063,13.38,16,1,0,1,0,0,0,0,0,1,0,0,0,1,0,1,1,1,0,0,0,1,1,1,1,1,1,1,0,0,1,0,0,0,1
17,0.48792778135558595,13.37,17,1,0,1,0,0,0,0,0,1,0,0,0,1,0,1,1,1,0,0,0,1,1,1,1,1,1,1,0,1,1,0,0,0,1
17,0.4881817101970486,13.38,15,1,0,1,0,0,0,0,0,1,0,0,0,1,0,0,1,1,0,0,0,1,1,1,1,1,1,1,0,0,1,0,0,0,1
17,0.48792778135558595,13.37,17,1,0,1,0,0,0,0,0,1,0,0,0,1,0,1,1,1,0,0,0,1,1,1,1,1,1,1,0,1,1,0,0,0,1
17,0.4890144962595747,12.82,18,1,0,1,0,0,0,0,0,1,0,0,0,1,0,1,1,1,0,0,0,1,1,1,1,1,1,1,0,1,1,1,0,0,1
17,0.48792778135558595,13.37,17,1,0,1,0,0,0,0,0,1,0,0,0,1,0,1,1,1,0,0,0,1,1,1,1,1,1,1,0,1,1,0,0,0,1
17,0.48792778135558595,13.37,17,1,0,1,0,0,0,0,0,1,0,0,0,1,0,1,1,1,0,0,0,1,1,1,1,1,1,1,0,1,1,0,0,0,1
17,0.48792778135558595,13.37,17,1,0,1,0,0,0,0,0,1,0,0,0,1,0,1,1,1,0,0,0,1,1,1,1,1,1,1,0,1,1,0,0,0,1
17,0.48792778135558595,13.37,17,1,0,1,0,0,0,0,0,1,0,0,0,1,0,1,1,1,0,0,0,1,1,1,1,1,1,1,0,1,1,0,0,0,1
17,0.4881780621264063,13.38,16,1,0,1,0,0,0,0,0,1,0,0,0,1,0,1,1,1,0,0,0,1,1,1,1,1,1,1,0,0,1,0,0,0,1
17,0.48792778135558595,13.37,17,1,0,1,0,0,0,0,0,1,0,0,0,1,0,1,1,1,0,0,0,1,1,1,1,1,1,1,0,1,1,0,0,0,1
17,0.48792778135558595,13.37,17,1,0,1,0,0,0,0,0,1,0,0,0,1,0,1,1,1,0,0,0,1,1,1,1,1,1,1,0,1,1,0,0,0,1
17,0.48793142942622825,13.37,16,1,0,1,0,0,0,0,0,1,0,0,0,1,0,0,1,1,0,0,0,1,1,1,1,1,1,1,0,1,1,0,0,0,1
17,0.48792778135558595,13.37,17,1,0,1,0,0,0,0,0,1,0,0,0,1,0,1,1,1,0,0,0,1,1,1,1,1,1,1,0,1,1,0,0,0,1
17,0.4890144962595747,12.82,18,1,0,1,0,0,0,0,0,1,0,0,0,1,0,1,1,1,0,0,0,1,1,1,1,1,1,1,0,1,1,1,0,0,1
18,0.48792778135558595,13.37,17,1,0,1,0,0,0,0,0,1,0,0,0,1,0,1,1,1,0,0,0,1,1,1,1,1,1,1,0,1,1,0,0,0,1
18,0.48792778135558595,13.37,17,1,0,1,0,0,0,0,0,1,0,0,0,1,0,1,1,1,0,0,0,1,1,1,1,1,1,1,0,1,1,0,0,0,1
18,0.48792778135558595,13.37,17,1,0,1,0,0,0,0,0,1,0,0,0,1,0,1,1,1,0,0,0,1,1,1,1,1,1,1,0,1,1,0,0,0,1
18,0.48792778135558595,13.37,17,1,0,1,0,0,0,0,0,1,0,0,0,1,0,1,1,1,0,0,0,1,1,1,1,1,1,1,0,1,1,0,0,0,1
18,0.48792778135558595,13.37,17,1,0,1,0,0,0,0,0,1,0,0,0,1,0,1,1,1,0,0,0,1,1,1,1,1,1,1,0,1,1,0,0,0,1
18,0.48792778135558595,13.37,17,1,0,1,0,0,0,0,0,1,0,0,0,1,0,1,1,1,0,0,0,1,1,1,1,1,1,1,0,1,1,0,0,0,1
18,0.48792778135558595,13.37,17,1,0,1,0,0,0,0,0,1,0,0,0,1,0,1,1,1,0,0,0,1,1,1,1,1,1,1,0,1,1,0,0,0,1
18,0.48792778135558595,13.37,17,1,0,1,0,0,0,0,0,1,0,0,0,1,0,1,1,1,0,0,0,1,1,1,1,1,1,1,0,1,1,0,0,0,1
18,0.48792778135558595,13.37,17,1,0,1,0,0,0,0,0,1,0,0,0,1,0,1,1,1,0,0,0,1,1,1,1,1,1,1,0,1,1,0,0,0,1
18,0.48792778135558595,13.37,17,1,0,1,0,0,0,0,0,1,0,0,0,1,0,1,1,1,0,0,0,1,1,1,1,1,1,1,0,1,1,0,0,0,1
19,0.48792778135558595,13.37,17,1,0,1,0,0,0,0,0,1,0,0,0,1,0,1,1,1,0,0,0,1,1,1,1,1,1,1,0,1,1,0,0,0,1
19,0.48792778135558595,13.37,17,1,0,1,0,0,0,0,0,1,0,0,0,1,0,1,1,1,0,0,0,1,1,1,1,1,1,1,0,1,1,0,0,0,1
19,0.48792778135558595,13.37,17,1,0,1,0,0,0,0,0,1,0,0,0,1,0,1,1,1,0,0,0,1,1,1,1,1,1,1,0,1,1,0,0,0,1
19,0.48792778135558595,13.37,17,1,0,1,0,0,0,0,0,1,0,0,0,1,0,1,1,1,0,0,0,1,1,1,1,1,1,1,0,1,1,0,0,0,1
19,0.48792778135558595,13.37,17,1,0,1,0,0,0,0,0,1,0,0,0,1,0,1,1,1,0,0,0,1,1,1,1,1,1,1,0,1,1,0,0,0,1
19,0.48792778135558595,13.37,17,1,0,1,0,0,0,0,0,1,0,0,0,1,0,1,1,1,0,0,0,1,1,1,1,1,1,1,0,1,1,0,0,0,1
19,0.488475760746883,13.21,18,1,0,1,0,1,0,0,0,1,0,0,0,1,0,1,1,1,0,0,0,1,1,1,1,1,1,1,0,1,1,0,0,0,1
19,0.48792778135558595,13.37,17,1,0,1,0,0,0,0,0,1,0,0,0,1,0,1,1,1,0,0,0,1,1,1,1,1,1,1,0,1,1,0,0,0,1
19,0.48792778135558595,13.37,17,1,0,1,0,0,0,0,0,1,0,0,0,1,0,1,1,1,0,0,0,1,1,1,1,1,1,1,0,1,1,0,0,0,1
19,0.48792778135558595,13.37,17,1,0,1,0,0,0,0,0,1,0,0,0,1,0,1,1,1,0,0,0,1,1,1,1,1,1,1,0,1,1,0,0,0,1
19,0.48792778135558595,13.37,17,1,0,1,0,0,0,0,0,1,0,0,0,1,0,1,1,1,0,0,0,1,1,1,1,1,1,1,0,1,1,0,0,0,1
19,0.48792778135558595,13.37,17,1,0,1,0,0,0,0,0,1,0,0,0,1,0,1,1,1,0,0,0,1,1,1,1,1,1,1,0,1,1,0,0,0,1
19,0.48792778135558595,13.37,17,1,0,1,0,0,0,0,0,1,0,0,0,1,0,1,1,1,0,0,0,1,1,1,1,1,1,1,0,1,1,0,0,0,1
20,0.48792778135558595,13.37,17,1,0,1,0,0,0,0,0,1,0,0,0,1,0,1,1,1,0,0,0,1,1,1,1,1,1,1,0,1,1,0,0,0,1
20,0.48792778135558595,13.37,17,1,0,1,0,0,0,0,0,1,0,0,0,1,0,1,1,1,0,0,0,1,1,1,1,1,1,1,0,1,1,0,0,0,1
20,0.48792778135558595,13.37,17,1,0,1,0,0,0,0,0,1,0,0,0,1,0,1,1,1,0,0,0,1,1,1,1,1,1,1,0,1,1,0,0,0,1
20,0.48792778135558595,13.37,17,1,0,1,0,0,0,0,0,1,0,0,0,1,0,1,1,1,0,0,0,1,1,1,1,1,1,1,0,1,1,0,0,0,1
20,0.48792778135558595,13.37,17,1,0,1,0,0,0,0,0,1,0,0,0,1,0,1,1,1,0,0,0,1,1,1,1,1,1,1,0,1,1,0,0,0,1
20,0.48792778135558595,13.37,17,1,0,1,0,0,0,0,0,1,0,0,0,1,0,1,1,1,0,0,0,1,1,1,1,1,1,1,0,1,1,0,0,0,1
20,0.48792778135558595,13.37,17,1,0,1,0,0,0,0,0,1,0,0,0,1,0,1,1,1,0,0,0,1,1,1,1,1,1,1,0,1,1,0,0,0,1
20,0.48792778135558595,13.37,17,1,0,1,0,0,0,0,0,1,0,0,0,1,0,1,1,1,0,0,0,1,1,1,1,1,1,1,0,1,1,0,0,0,1
20,0.48792778135558595,13.37,17,1,0,1,0,0,0,0,0,1,0,0,0,1,0,1,1,1,0,0,0,1,1,1,1,1,1,1,0,1,1,0,0,0,1
20,0.48792778135558595,13.37,17,1,0,1,0,0,0,0,0,1,0,0,0,1,0,1,1,1,0,0,0,1,1,1,1,1,1,1,0,1,1,0,0,0,1
20,0.48792778135558595,13.37,17,1,0,1,0,0,0,0,0,1,0,0,0,1,0,1,1,1,0,0,0,1,1,1,1,1,1,1,0,1,1,0,0,0,1
20,0.48792778135558595,13.37,17,1,0,1,0,0,0,0,0,1,0,0,0,1,0,1,1,1,0,0,0,1,1,1,1,1,1,1,0,1,1,0,0,0,1
20,0.48792778135558595,13.37,17,1,0,1,0,0,0,0,0,1,0,0,0,1,0,1,1,1,0,0,0,1,1,1,1,1,1,1,0,1,1,0,0,0,1
20,0.48792778135558595,13.37,17,1,0,1,0,0,0,0,0,1,0,0,0,1,0,1,1,1,0,0,0,1,1,1,1,1,1,1,0,1,1,0,0,0,1
20,0.48792778135558595,13.37,17,1,0,1,0,0,0,0,0,1,0,0,0,1,0,1,1,1,0,0,0,1,1,1,1,1,1,1,0,1,1,0,0,0,1
20,0.488475760746883,13.21,18,1,0,1,0,1,0,0,0,1,0,0,0,1,0,1,1,1,0,0,0,1,1,1,1,1,1,1,0,1,1,0,0,0,1
20,0.48792778135558595,13.37,17,1,0,1,0,0,0,0,0,1,0,0,0,1,0,1,1,1,0,0,0,1,1,1,1,1,1,1,0,1,1,0,0,0,1
20,0.48792778135558595,13.37,17,1,0,1,0,0,0,0,0,1,0,0,0,1,0,1,1,1,0,0,0,1,1,1,1,1,1,1,0,1,1,0,0,0,1
21,0.48792778135558595,13.37,17,1,0,1,0,0,0,0,0,1,0,0,0,1,0,1,1,1,0,0,0,1,1,1,1,1,1,1,0,1,1,0,0,0,1
21,0.48792778135558595,13.37,17,1,0,1,0,0,0,0,0,1,0,0,0,1,0,1,1,1,0,0,0,1,1,1,1,1,1,1,0,1,1,0,0,0,1
21,0.48792778135558595,13.37,17,1,0,1,0,0,0,0,0,1,0,0,0,1,0,1,1,1,0,0,0,1,1,1,1,1,1,1,0,1,1,0,0,0,1
21,0.48792778135558595,13.37,17,1,0,1,0,0,0,0,0,1,0,0,0,1,0,1,1,1,0,0,0,1,1,1,1,1,1,1,0,1,1,0,0,0,1
21,0.48792778135558595,13.37,17,1,0,1,0,0,0,0,0,1,0,0,0,1,0,1,1,1,0,0,0,1,1,1,1,1,1,1,0,1,1,0,0,0,1
21,0.48792778135558595,13.37,17,1,0,1,0,0,0,0,0,1,0,0,0,1,0,1,1,1,0,0,0,1,1,1,1,1,1,1,0,1,1,0,0,0,1
21,0.48792778135558595,13.37,17,1,0,1,0,0,0,0,0,1,0,0,0,1,0,1,1,1,0,0,0,1,1,1,1,1,1,1,0,1,1,0,0,0,1
21,0.48792778135558595,13.37,17,1,0,1,0,0,0,0,0,1,0,0,0,1,0,1,1,1,0,0,0,1,1,1,1,1,1,1,0,1,1,0,0,0,1
21,0.48792778135558595,13.37,17,1,0,1,0,0,0,0,0,1,0,0,0,1,0,1,1,1,0,0,0,1,1,1,1,1,1,1,0,1,1,0,0,0,1
21,0.48792778135558595,13.37,17,1,0,1,0,0,0,0,0,1,0,0,0,1,0,1,1,1,0,0,0,1,1,1,1,1,1,1,0,1,1,0,0,0,1
21,0.48792778135558595,13.37,17,1,0,1,0,0,0,0,0,1,0,0,0,1,0,1,1,1,0,0,0,1,1,1,1,1,1,1,0,1,1,0,0,0,1
21,0.48792778135558595,13.37,17,1,0,1,0,0,0,0,0,1,0,0,0,1,0,1,1,1,0,0,0,1,1,1,1,1,1,1,0,1,1,0,0,0,1
21,0.48792778135558595,13.37,17,1,0,1,0,0,0,0,0,1,0,0,0,1,0,1,1,1,0,0,0,1,1,1,1,1,1,1,0,1,1,0,0,0,1
21,0.48792778135558595,13.37,17,1,0,1,0,0,0,0,0,1,0,0,0,1,0,1,1,1,0,0,0,1,1,1,1,1,1,1,0,1,1,0,0,0,1
22,0.48792778135558595,13.37,17,1,0,1,0,0,0,0,0,1,0,0,0,1,0,1,1,1,0,0,0,1,1,1,1,1,1,1,0,1,1,0,0,0,1
22,0.48792778135558595,13.37,17,1,0,1,0,0,0,0,0,1,0,0,0,1,0,1,1,1,0,0,0,1,1,1,1,1,1,1,0,1,1,0,0,0,1
22,0.48792778135558595,13.37,17,1,0,1,0,0,0,0,0,1,0,0,0,1,0,1,1,1,0,0,0,1,1,1,1,1,1,1,0,1,1,0,0,0,1
22,0.48792778135558595,13.37,17,1,0,1,0,0,0,0,0,1,0,0,0,1,0,1,1,1,0,0,0,1,1,1,1,1,1,1,0,1,1,0,0,0,1
22,0.48792778135558595,13.37,17,1,0,1,0,0,0,0,0,1,0,0,0,1,0,1,1,1,0,0,0,1,1,1,1,1,1,1,0,1,1,0,0,0,1
22,0.48792778135558595,13.37,17,1,0,1,0,0,0,0,0,1,0,0,0,1,0,1,1,1,0,0,0,1,1,1,1,1,1,1,0,1,1,0,0,0,1
22,0.48792778135558595,13.37,17,1,0,1,0,0,0,0,0,1,0,0,0,1,0,1,1,1,0,0,0,1,1,1,1,1,1,1,0,1,1,0,0,0,1
22,0.48792778135558595,13.37,17,1,0,1,0,0,0,0,0,1,0,0,0,1,0,1,1,1,0,0,0,1,1,1,1,1,1,1,0,1,1,0,0,0,1
22,0.48792778135558595,13.37,17,1,0,1,0,0,0,0,0,1,0,0,0,1,0,1,1,1,0,0,0,1,1,1,1,1,1,1,0,1,1,0,0,0,1
22,0.48792778135558595,13.37,17,1,0,1,0,0,0,0,0,1,0,0,0,1,0,1,1,1,0,0,0,1,1,1,1,1,1,1,0,1,1,0,0,0,1
23,0.48792778135558595,13.37,17,1,0,1,0,0,0,0,0,1,0,0,0,1,0,1,1,1,0,0,0,1,1,1,1,1,1,1,0,1,1,0,0,0,1
23,0.48792778135558595,13.37,17,1,0,1,0,0,0,0,0,1,0,0,0,1,0,1,1,1,0,0,0,1,1,1,1,1,1,1,0,1,1,0,0,0,1
23,0.48792778135558595,13.37,17,1,0,1,0,0,0,0,0,1,0,0,0,1,0,1,1,1,0,0,0,1,1,1,1,1,1,1,0,1,1,0,0,0,1
23,0.48792778135558595,13.37,17,1,0,1,0,0,0,0,0,1,0,0,0,1,0,1,1,1,0,0,0,1,1,1,1,1,1,1,0,1,1,0,0,0,1
23,0.48792778135558595,13.37,17,1,0,1,0,0,0,0,0,1,0,0,0,1,0,1,1,1,0,0,0,1,1,1,1,1,1,1,0,1,1,0,0,0,1
23,0.48792778135558595,13.37,17,1,0,1,0,0,0,0,0,1,0,0,0,1,0,1,1,1,0,0,0,1,1,1,1,1,1,1,0,1,1,0,0,0,1
24,0.48792778135558595,13.37,17,1,0,1,0,0,0,0,0,1,0,0,0,1,0,1,1,1,0,0,0,1,1,1,1,1,1,1,0,1,1,0,0,0,1
24,0.48792778135558595,13.37,17,1,0,1,0,0,0,0,0,1,0,0,0,1,0,1,1,1,0,0,0,1,1,1,1,1,1,1,0,1,1,0,0,0,1
24,0.48792778135558595,13.37,17,1,0,1,0,0,0,0,0,1,0,0,0,1,0,1,1,1,0,0,0,1,1,1,1,1,1,1,0,1,1,0,0,0,1
24,0.48792778135558595,13.37,17,1,0,1,0,0,0,0,0,1,0,0,0,1,0,1,1,1,0,0,0,1,1,1,1,1,1,1,0,1,1,0,0,0,1
24,0.48792778135558595,13.37,17,1,0,1,0,0,0,0,0,1,0,0,0,1,0,1,1,1,0,0,0,1,1,1,1,1,1,1,0,1,1,0,0,0,1
24,0.48792778135558595,13.37,17,1,0,1,0,0,0,0,0,1,0,0,0,1,0,1,1,1,0,0,0,1,1,1,1,1,1,1,0,1,1,0,0,0,1
24,0.48792778135558595,13.37,17,1,0,1,0,0,0,0,0,1,0,0,0,1,0,1,1,1,0,0,0,1,1,1,1,1,1,1,0,1,1,0,0,0,1
24,0.48792778135558595,13.37,17,1,0,1,0,0,0,0,0,1,0,0,0,1,0,1,1,1,0,0,0,1,1,1,1,1,1,1,0,1,1,0,0,0,1
24,0.48792778135558595,13.37,17,1,0,1,0,0,0,0,0,1,0,0,0,1,0,1,1,1,0,0,0,1,1,1,1,1,1,1,0,1,1,0,0,0,1
24,0.48792778135558595,13.37,17,1,0,1,0,0,0,0,0,1,0,0,0,1,0,1,1,1,0,0,0,1,1,1,1,1,1,1,0,1,1,0,0,0,1
25,0.49406414843548013,13.53,16,1,0,1,0,0,0,0,0,1,0,0,0,1,0,1,1,1,0,0,0,1,1,1,1,1,1,0,0,1,1,0,0,0,1
25,0.48792778135558595,13.37,17,1,0,1,0,0,0,0,0,1,0,0,0,1,0,1,1,1,0,0,0,1,1,1,1,1,1,1,0,1,1,0,0,0,1
25,0.48792778135558595,13.37,17,1,0,1,0,0,0,0,0,1,0,0,0,1,0,1,1,1,0,0,0,1,1,1,1,1,1,1,0,1,1,0,0,0,1
25,0.48792778135558595,13.37,17,1,0,1,0,0,0,0,0,1,0,0,0,1,0,1,1,1,0,0,0,1,1,1,1,1,1,1,0,1,1,0,0,0,1
25,0.48792778135558595,13.37,17,1,0,1,0,0,0,0,0,1,0,0,0,1,0,1,1,1,0,0,0,1,1,1,1,1,1,1,0,1,1,0,0,0,1
25,0.48792778135558595,13.37,17,1,0,1,0,0,0,0,0,1,0,0,0,1,0,1,1,1,0,0,0,1,1,1,1,1,1,1,0,1,1,0,0,0,1
25,0.48792778135558595,13.37,17,1,0,1,0,0,0,0,0,1,0,0,0,1,0,1,1,1,0,0,0,1,1,1,1,1,1,1,0,1,1,0,0,0,1
25,0.48792778135558595,13.37,17,1,0,1,0,0,0,0,0,1,0,0,0,1,0,1,1,1,0,0,0,1,1,1,1,1,1,1,0,1,1,0,0,0,1
25,0.48792778135558595,13.37,17,1,0,1,0,0,0,0,0,1,0,0,0,1,0,1,1,1,0,0,0,1,1,1,1,1,1,1,0,1,1,0,0,0,1
25,0.48792778135558595,13.37,17,1,0,1,0,0,0,0,0,1,0,0,0,1,0,1,1,1,0,0,0,1,1,1,1,1,1,1,0,1,1,0,0,0,1
26,0.48792778135558595,13.37,17,1,0,1,0,0,0,0,0,1,0,0,0,1,0,1,1,1,0,0,0,1,1,1,1,1,1,1,0,1,1,0,0,0,1
26,0.48792778135558595,13.37,17,1,0,1,0,0,0,0,0,1,0,0,0,1,0,1,1,1,0,0,0,1,1,1,1,1,1,1,0,1,1,0,0,0,1
26,0.48792778135558595,13.37,17,1,0,1,0,0,0,0,0,1,0,0,0,1,0,1,1,1,0,0,0,1,1,1,1,1,1,1,0,1,1,0,0,0,1
26,0.48792778135558595,13.37,17,1,0,1,0,0,0,0,0,1,0,0,0,1,0,1,1,1,0,0,0,1,1,1,1,1,1,1,0,1,1,0,0,0,1
27,0.48792778135558595,13.37,17,1,0,1,0,0,0,0,0,1,0,0,0,1,0,1,1,1,0,0,0,1,1,1,1,1,1,1,0,1,1,0,0,0,1
27,0.48792778135558595,13.37,17,1,0,1,0,0,0,0,0,1,0,0,0,1,0,1,1,1,0,0,0,1,1,1,1,1,1,1,0,1,1,0,0,0,1
27,0.48792778135558595,13.37,17,1,0,1,0,0,0,0,0,1,0,0,0,1,0,1,1,1,0,0,0,1,1,1,1,1,1,1,0,1,1,0,0,0,1
27,0.48792778135558595,13.37,17,1,0,1,0,0,0,0,0,1,0,0,0,1,0,1,1,1,0,0,0,1,1,1,1,1,1,1,0,1,1,0,0,0,1
27,0.48792778135558595,13.37,17,1,0,1,0,0,0,0,0,1,0,0,0,1,0,1,1,1,0,0,0,1,1,1,1,1,1,1,0,1,1,0,0,0,1
27,0.48792778135558595,13.37,17,1,0,1,0,0,0,0,0,1,0,0,0,1,0,1,1,1,0,0,0,1,1,1,1,1,1,1,0,1,1,0,0,0,1
27,0.48792778135558595,13.37,17,1,0,1,0,0,0,0,0,1,0,0,0,1,0,1,1,1,0,0,0,1,1,1,1,1,1,1,0,1,1,0,0,0,1
27,0.48792778135558595,13.37,17,1,0,1,0,0,0,0,0,1,0,0,0,1,0,1,1,1,0,0,0,1,1,1,1,1,1,1,0,1,1,0,0,0,1
27,0.48792778135558595,13.37,17,1,0,1,0,0,0,0,0,1,0,0,0,1,0,1,1,1,0,0,0,1,1,1,1,1,1,1,0,1,1,0,0,0,1
27,0.48792778135558595,13.37,17,1,0,1,0,0,0,0,0,1,0,0,0,1,0,1,1,1,0,0,0,1,1,1,1,1,1,1,0,1,1,0,0,0,1
27,0.48792778135558595,13.37,17,1,0,1,0,0,0,0,0,1,0,0,0,1,0,1,1,1,0,0,0,1,1,1,1,1,1,1,0,1,1,0,0,0,1
28,0.48792778135558595,13.37,17,1,0,1,0,0,0,0,0,1,0,0,0,1,0,1,1,1,0,0,0,1,1,1,1,1,1,1,0,1,1,0,0,0,1
28,0.48792778135558595,13.37,17,1,0,1,0,0,0,0,0,1,0,0,0,1,0,1,1,1,0,0,0,1,1,1,1,1,1,1,0,1,1,0,0,0,1
28,0.48792778135558595,13.37,17,1,0,1,0,0,0,0,0,1,0,0,0,1,0,1,1,1,0,0,0,1,1,1,1,1,1,1,0,1,1,0,0,0,1
28,0.48792778135558595,13.37,17,1,0,1,0,0,0,0,0,1,0,0,0,1,0,1,1,1,0,0,0,1,1,1,1,1,1,1,0,1,1,0,0,0,1
28,0.48792778135558595,13.37,17,1,0,1,0,0,0,0,0,1,0,0,0,1,0,1,1,1,0,0,0,1,1,1,1,1,1,1,0,1,1,0,0,0,1
28,0.48792778135558595,13.37,17,1,0,1,0,0,0,0,0,1,0,0,0,1,0,1,1,1,0,0,0,1,1,1,1,1,1,1,0,1,1,0,0,0,1
28,0.48792778135558595,13.37,17,1,0,1,0,0,0,0,0,1,0,0,0,1,0,1,1,1,0,0,0,1,1,1,1,1,1,1,0,1,1,0,0,0,1
28,0.48792778135558595,13.37,17,1,0,1,0,0,0,0,0,1,0,0,0,1,0,1,1,1,0,0,0,1,1,1,1,1,1,1,0,1,1,0,0,0,1
28,0.48792778135558595,13.37,17,1,0,1,0,0,0,0,0,1,0,0,0,1,0,1,1,1,0,0,0,1,1,1,1,1,1,1,0,1,1,0,0,0,1
28,0.48792778135558595,13.37,17,1,0,1,0,0,0,0,0,1,0,0,0,1,0,1,1,1,0,0,0,1,1,1,1,1,1,1,0,1,1,0,0,0,1
28,0.48792778135558595,13.37,17,1,0,1,0,0,0,0,0,1,0,0,0,1,0,1,1,1,0,0,0,1,1,1,1,1,1,1,0,1,1,0,0,0,1
28,0.48792778135558595,13.37,17,1,0,1,0,0,0,0,0,1,0,0,0,1,0,1,1,1,0,0,0,1,1,1,1,1,1,1,0,1,1,0,0,0,1
28,0.48792778135558595,13.37,17,1,0,1,0,0,0,0,0,1,0,0,0,1,0,1,1,1,0,0,0,1,1,1,1,1,1,1,0,1,1,0,0,0,1
28,0.48792778135558595,13.37,17,1,0,1,0,0,0,0,0,1,0,0,0,1,0,1,1,1,0,0,0,1,1,1,1,1,1,1,0,1,1,0,0,0,1
29,0.48792778135558595,13.37,17,1,0,1,0,0,0,0,0,1,0,0,0,1,0,1,1,1,0,0,0,1,1,1,1,1,1,1,0,1,1,0,0,0,1
29,0.48792778135558595,13.37,17,1,0,1,0,0,0,0,0,1,0,0,0,1,0,1,1,1,0,0,0,1,1,1,1,1,1,1,0,1,1,0,0,0,1
29,0.48792778135558595,13.37,17,1,0,1,0,0,0,0,0,1,0,0,0,1,0,1,1,1,0,0,0,1,1,1,1,1,1,1,0,1,1,0,0,0,1
29,0.48792778135558595,13.37,17,1,0,1,0,0,0,0,0,1,0,0,0,1,0,1,1,1,0,0,0,1,1,1,1,1,1,1,0,1,1,0,0,0,1
29,0.48792778135558595,13.37,17,1,0,1,0,0,0,0,0,1,0,0,0,1,0,1,1,1,0,0,0,1,1,1,1,1,1,1,0,1,1,0,0,0,1
29,0.48792778135558595,13.37,17,1,0,1,0,0,0,0,0,1,0,0,0,1,0,1,1,1,0,0,0,1,1,1,1,1,1,1,0,1,1,0,0,0,1
29,0.48792778135558595,13.37,17,1,0,1,0,0,0,0,0,1,0,0,0,1,0,1,1,1,0,0,0,1,1,1,1,1,1,1,0,1,1,0,0,0,1
29,0.48792778135558595,13.37,17,1,0,1,0,0,0,0,0,1,0,0,0,1,0,1,1,1,0,0,0,1,1,1,1,1,1,1,0,1,1,0,0,0,1
29,0.48792778135558595,13.37,17,1,0,1,0,0,0,0,0,1,0,0,0,1,0,1,1,1,0,0,0,1,1,1,1,1,1,1,0,1,1,0,0,0,1
29,0.48792778135558595,13.37,17,1,0,1,0,0,0,0,0,1,0,0,0,1,0,1,1,1,0,0,0,1,1,1,1,1,1,1,0,1,1,0,0,0,1
29,0.48792778135558595,13.37,17,1,0,1,0,0,0,0,0,1,0,0,0,1,0,1,1,1,0,0,0,1,1,1,1,1,1,1,0,1,1,0,0,0,1
29,0.48792778135558595,13.37,17,1,0,1,0,0,0,0,0,1,0,0,0,1,0,1,1,1,0,0,0,1,1,1,1,1,1,1,0,1,1,0,0,0,1
29,0.48792778135558595,13.37,17,1,0,1,0,0,0,0,0,1,0,0,0,1,0,1,1,1,0,0,0,1,1,1,1,1,1,1,0,1,1,0,0,0,1
29,0.48792778135558595,13.37,17,1,0,1,0,0,0,0,0,1,0,0,0,1,0,1,1,1,0,0,0,1,1,1,1,1,1,1,0,1,1,0,0,0,1
30,0.48792778135558595,13.37,17,1,0,1,0,0,0,0,0,1,0,0,0,1,0,1,1,1,0,0,0,1,1,1,1,1,1,1,0,1,1,0,0,0,1
30,0.48792778135558595,13.37,17,1,0,1,0,0,0,0,0,1,0,0,0,1,0,1,1,1,0,0,0,1,1,1,1,1,1,1,0,1,1,0,0,0,1
30,0.48792778135558595,13.37,17,1,0,1,0,0,0,0,0,1,0,0,0,1,0,1,1,1,0,0,0,1,1,1,1,1,1,1,0,1,1,0,0,0,1
30,0.48792778135558595,13.37,17,1,0,1,0,0,0,0,0,1,0,0,0,1,0,1,1,1,0,0,0,1,1,1,1,1,1,1,0,1,1,0,0,0,1
30,0.48792778135558595,13.37,17,1,0,1,0,0,0,0,0,1,0,0,0,1,0,1,1,1,0,0,0,1,1,1,1,1,1,1,0,1,1,0,0,0,1
30,0.48792778135558595,13.37,17,1,0,1,0,0,0,0,0,1,0,0,0,1,0,1,1,1,0,0,0,1,1,1,1,1,1,1,0,1,1,0,0,0,1
30,0.48792778135558595,13.37,17,1,0,1,0,0,0,0,0,1,0,0,0,1,0,1,1,1,0,0,0,1,1,1,1,1,1,1,0,1,1,0,0,0,1
30,0.48792778135558595,13.37,17,1,0,1,0,0,0,0,0,1,0,0,0,1,0,1,1,1,0,0,0,1,1,1,1,1,1,1,0,1,1,0,0,0,1
30,0.48792778135558595,13.37,17,1,0,1,0,0,0,0,0,1,0,0,0,1,0,1,1,1,0,0,0,1,1,1,1,1,1,1,0,1,1,0,0,0,1
30,0.48792778135558595,13.37,17,1,0,1,0,0,0,0,0,1,0,0,0,1,0,1,1,1,0,0,0,1,1,1,1,1,1,1,0,1,1,0,0,0,1
30,0.48792778135558595,13.37,17,1,0,1,0,0,0,0,0,1,0,0,0,1,0,1,1,1,0,0,0,1,1,1,1,1,1,1,0,1,1,0,0,0,1
30,0.48792778135558595,13.37,17,1,0,1,0,0,0,0,0,1,0,0,0,1,0,1,1,1,0,0,0,1,1,1,1,1,1,1,0,1,1,0,0,0,1
31,0.48792778135558595,13.37,17,1,0,1,0,0,0,0,0,1,0,0,0,1,0,1,1,1,0,0,0,1,1,1,1,1,1,1,0,1,1,0,0,0,1
31,0.48792778135558595,13.37,17,1,0,1,0,0,0,0,0,1,0,0,0,1,0,1,1,1,0,0,0,1,1,1,1,1,1,1,0,1,1,0,0,0,1
31,0.48792778135558595,13.37,17,1,0,1,0,0,0,0,0,1,0,0,0,1,0,1,1,1,0,0,0,1,1,1,1,1,1,1,0,1,1,0,0,0,1
31,0.48792778135558595,13.37,17,1,0,1,0,0,0,0,0,1,0,0,0,1,0,1,1,1,0,0,0,1,1,1,1,1,1,1,0,1,1,0,0,0,1
31,0.48792778135558595,13.37,17,1,0,1,0,0,0,0,0,1,0,0,0,1,0,1,1,1,0,0,0,1,1,1,1,1,1,1,0,1,1,0,0,0,1
31,0.9088584535708445,10.37,18,1,0,1,0,0,0,0,0,1,0,0,0,1,0,1,1,1,0,0,0,1,1,1,1,1,1,1,0,1,1,0,0,1,1
32,0.48792778135558595,13.37,17,1,0,1,0,0,0,0,0,1,0,0,0,1,0,1,1,1,0,0,0,1,1,1,1,1,1,1,0,1,1,0,0,0,1
32,0.48792778135558595,13.37,17,1,0,1,0,0,0,0,0,1,0,0,0,1,0,1,1,1,0,0,0,1,1,1,1,1,1,1,0,1,1,0,0,0,1
32,0.48792778135558595,13.37,17,1,0,1,0,0,0,0,0,1,0,0,0,1,0,1,1,1,0,0,0,1,1,1,1,1,1,1,0,1,1,0,0,0,1
32,0.48792778135558595,13.37,17,1,0,1,0,0,0,0,0,1,0,0,0,1,0,1,1,1,0,0,0,1,1,1,1,1,1,1,0,1,1,0,0,0,1
32,0.48792778135558595,13.37,17,1,0,1,0,0,0,0,0,1,0,0,0,1,0,1,1,1,0,0,0,1,1,1,1,1,1,1,0,1,1,0,0,0,1
32,0.48792778135558595,13.37,17,1,0,1,0,0,0,0,0,1,0,0,0,1,0,1,1,1,0,0,0,1,1,1,1,1,1,1,0,1,1,0,0,0,1
32,0.48792778135558595,13.37,17,1,0,1,0,0,0,0,0,1,0,0,0,1,0,1,1,1,0,0,0,1,1,1,1,1,1,1,0,1,1,0,0,0,1
32,0.48792778135558595,13.37,17,1,0,1,0,0,0,0,0,1,0,0,0,1,0,1,1,1,0,0,0,1,1,1,1,1,1,1,0,1,1,0,0,0,1
32,0.48792778135558595,13.37,17,1,0,1,0,0,0,0,0,1,0,0,0,1,0,1,1,1,0,0,0,1,1,1,1,1,1,1,0,1,1,0,0,0,1
32,0.48792778135558595,13.37,17,1,0,1,0,0,0,0,0,1,0,0,0,1,0,1,1,1,0,0,0,1,1,1,1,1,1,1,0,1,1,0,0,0,1
32,0.48792778135558595,13.37,17,1,0,1,0,0,0,0,0,1,0,0,0,1,0,1,1,1,0,0,0,1,1,1,1,1,1,1,0,1,1,0,0,0,1
32,0.48792778135558595,13.37,17,1,0,1,0,0,0,0,0,1,0,0,0,1,0,1,1,1,0,0,0,1,1,1,1,1,1,1,0,1,1,0,0,0,1
33,0.48792778135558595,13.37,17,1,0,1,0,0,0,0,0,1,0,0,0,1,0,1,1,1,0,0,0,1,1,1,1,1,1,1,0,1,1,0,0,0,1
33,0.48792778135558595,13.37,17,1,0,1,0,0,0,0,0,1,0,0,0,1,0,1,1,1,0,0,0,1,1,1,1,1,1,1,0,1,1,0,0,0,1
33,0.48792778135558595,13.37,17,1,0,1,0,0,0,0,0,1,0,0,0,1,0,1,1,1,0,0,0,1,1,1,1,1,1,1,0,1,1,0,0,0,1
33,0.48792778135558595,13.37,17,1,0,1,0,0,0,0,0,1,0,0,0,1,0,1,1,1,0,0,0,1,1,1,1,1,1,1,0,1,1,0,0,0,1
33,0.48792778135558595,13.37,17,1,0,1,0,0,0,0,0,1,0,0,0,1,0,1,1,1,0,0,0,1,1,1,1,1,1,1,0,1,1,0,0,0,1
33,0.48792778135558595,13.37,17,1,0,1,0,0,0,0,0,1,0,0,0,1,0,1,1,1,0,0,0,1,1,1,1,1,1,1,0,1,1,0,0,0,1
33,0.48792778135558595,13.37,17,1,0,1,0,0,0,0,0,1,0,0,0,1,0,1,1,1,0,0,0,1,1,1,1,1,1,1,0,1,1,0,0,0,1
33,0.48792778135558595,13.37,17,1,0,1,0,0,0,0,0,1,0,0,0,1,0,1,1,1,0,0,0,1,1,1,1,1,1,1,0,1,1,0,0,0,1
33,0.48792778135558595,13.37,17,1,0,1,0,0,0,0,0,1,0,0,0,1,0,1,1,1,0,0,0,1,1,1,1,1,1,1,0,1,1,0,0,0,1
33,0.48792778135558595,13.37,17,1,0,1,0,0,0,0,0,1,0,0,0,1,0,1,1,1,0,0,0,1,1,1,1,1,1,1,0,1,1,0,0,0,1
33,0.48792778135558595,13.37,17,1,0,1,0,0,0,0,0,1,0,0,0,1,0,1,1,1,0,0,0,1,1,1,1,1,1,1,0,1,1,0,0,0,1
33,0.48792778135558595,13.37,17,1,0,1,0,0,0,0,0,1,0,0,0,1,0,1,1,1,0,0,0,1,1,1,1,1,1,1,0,1,1,0,0,0,1
33,0.48792778135558595,13.37,17,1,0,1,0,0,0,0,0,1,0,0,0,1,0,1,1,1,0,0,0,1,1,1,1,1,1,1,0,1,1,0,0,0,1
33,0.48792778135558595,13.37,17,1,0,1,0,0,0,0,0,1,0,0,0,1,0,1,1,1,0,0,0,1,1,1,1,1,1,1,0,1,1,0,0,0,1
33,0.48792778135558595,13.37,17,1,0,1,0,0,0,0,0,1,0,0,0,1,0,1,1,1,0,0,0,1,1,1,1,1,1,1,0,1,1,0,0,0,1
33,0.48792778135558595,13.37,17,1,0,1,0,0,0,0,0,1,0,0,0,1,0,1,1,1,0,0,0,1,1,1,1,1,1,1,0,1,1,0,0,0,1
34,0.48792778135558595,13.37,17,1,0,1,0,0,0,0,0,1,0,0,0,1,0,1,1,1,0,0,0,1,1,1,1,1,1,1,0,1,1,0,0,0,1
34,0.48792778135558595,13.37,17,1,0,1,0,0,0,0,0,1,0,0,0,1,0,1,1,1,0,0,0,1,1,1,1,1,1,1,0,1,1,0,0,0,1
34,0.48792778135558595,13.37,17,1,0,1,0,0,0,0,0,1,0,0,0,1,0,1,1,1,0,0,0,1,1,1,1,1,1,1,0,1,1,0,0,0,1
34,0.48792778135558595,13.37,17,1,0,1,0,0,0,0,0,1,0,0,0,1,0,1,1,1,0,0,0,1,1,1,1,1,1,1,0,1,1,0,0,0,1
34,0.48792778135558595,13.37,17,1,0,1,0,0,0,0,0,1,0,0,0,1,0,1,1,1,0,0,0,1,1,1,1,1,1,1,0,1,1,0,0,0,1
34,0.48792778135558595,13.37,17,1,0,1,0,0,0,0,0,1,0,0,0,1,0,1,1,1,0,0,0,1,1,1,1,1,1,1,0,1,1,0,0,0,1
34,0.48792778135558595,13.37,17,1,0,1,0,0,0,0,0,1,0,0,0,1,0,1,1,1,0,0,0,1,1,1,1,1,1,1,0,1,1,0,0,0,1
34,0.48792778135558595,13.37,17,1,0,1,0,0,0,0,0,1,0,0,0,1,0,1,1,1,0,0,0,1,1,1,1,1,1,1,0,1,1,0,0,0,1
34,0.48792778135558595,13.37,17,1,0,1,0,0,0,0,0,1,0,0,0,1,0,1,1,1,0,0,0,1,1,1,1,1,1,1,0,1,1,0,0,0,1
34,0.48792778135558595,13.37,17,1,0,1,0,0,0,0,0,1,0,0,0,1,0,1,1,1,0,0,0,1,1,1,1,1,1,1,0,1,1,0,0,0,1
34,0.48792778135558595,13.37,17,1,0,1,0,0,0,0,0,1,0,0,0,1,0,1,1,1,0,0,0,1,1,1,1,1,1,1,0,1,1,0,0,0,1
34,0.48792778135558595,13.37,17,1,0,1,0,0,0,0,0,1,0,0,0,1,0,1,1,1,0,0,0,1,1,1,1,1,1,1,0,1,1,0,0,0,1
35,0.48792778135558595,13.37,17,1,0,1,0,0,0,0,0,1,0,0,0,1,0,1,1,1,0,0,0,1,1,1,1,1,1,1,0,1,1,0,0,0,1
35,0.48792778135558595,13.37,17,1,0,1,0,0,0,0,0,1,0,0,0,1,0,1,1,1,0,0,0,1,1,1,1,1,1,1,0,1,1,0,0,0,1
35,0.48792778135558595,13.37,17,1,0,1,0,0,0,0,0,1,0,0,0,1,0,1,1,1,0,0,0,1,1,1,1,1,1,1,0,1,1,0,0,0,1
35,0.48792778135558595,13.37,17,1,0,1,0,0,0,0,0,1,0,0,0,1,0,1,1,1,0,0,0,1,1,1,1,1,1,1,0,1,1,0,0,0,1
35,0.48792778135558595,13.37,17,1,0,1,0,0,0,0,0,1,0,0,0,1,0,1,1,1,0,0,0,1,1,1,1,1,1,1,0,1,1,0,0,0,1
35,0.48792778135558595,13.37,17,1,0,1,0,0,0,0,0,1,0,0,0,1,0,1,1,1,0,0,0,1,1,1,1,1,1,1,0,1,1,0,0,0,1
35,0.48792778135558595,13.37,17,1,0,1,0,0,0,0,0,1,0,0,0,1,0,1,1,1,0,0,0,1,1,1,1,1,1,1,0,1,1,0,0,0,1
35,0.48792778135558595,13.37,17,1,0,1,0,0,0,0,0,1,0,0,0,1,0,1,1,1,0,0,0,1,1,1,1,1,1,1,0,1,1,0,0,0,1
35,0.48792778135558595,13.37,17,1,0,1,0,0,0,0,0,1,0,0,0,1,0,1,1,1,0,0,0,1,1,1,1,1,1,1,0,1,1,0,0,0,1
35,0.48792778135558595,13.37,17,1,0,1,0,0,0,0,0,1,0,0,0,1,0,1,1,1,0,0,0,1,1,1,1,1,1,1,0,1,1,0,0,0,1
35,0.48792778135558595,13.37,17,1,0,1,0,0,0,0,0,1,0,0,0,1,0,1,1,1,0,0,0,1,1,1,1,1,1,1,0,1,1,0,0,0,1
35,0.48792778135558595,13.37,17,1,0,1,0,0,0,0,0,1,0,0,0,1,0,1,1,1,0,0,0,1,1,1,1,1,1,1,0,1,1,0,0,0,1
35,0.48792778135558595,13.37,17,1,0,1,0,0,0,0,0,1,0,0,0,1,0,1,1,1,0,0,0,1,1,1,1,1,1,1,0,1,1,0,0,0,1
35,0.48792778135558595,13.37,17,1,0,1,0,0,0,0,0,1,0,0,0,1,0,1,1,1,0,0,0,1,1,1,1,1,1,1,0,1,1,0,0,0,1
36,0.48792778135558595,13.37,17,1,0,1,0,0,0,0,0,1,0,0,0,1,0,1,1,1,0,0,0,1,1,1,1,1,1,1,0,1,1,0,0,0,1
36,0.48792778135558595,13.37,17,1,0,1,0,0,0,0,0,1,0,0,0,1,0,1,1,1,0,0,0,1,1,1,1,1,1,1,0,1,1,0,0,0,1
36,0.48792778135558595,13.37,17,1,0,1,0,0,0,0,0,1,0,0,0,1,0,1,1,1,0,0,0,1,1,1,1,1,1,1,0,1,1,0,0,0,1
36,0.48792778135558595,13.37,17,1,0,1,0,0,0,0,0,1,0,0,0,1,0,1,1,1,0,0,0,1,1,1,1,1,1,1,0,1,1,0,0,0,1
36,0.48792778135558595,13.37,17,1,0,1,0,0,0,0,0,1,0,0,0,1,0,1,1,1,0,0,0,1,1,1,1,1,1,1,0,1,1,0,0,0,1
36,0.48792778135558595,13.37,17,1,0,1,0,0,0,0,0,1,0,0,0,1,0,1,1,1,0,0,0,1,1,1,1,1,1,1,0,1,1,0,0,0,1
36,0.48792778135558595,13.37,17,1,0,1,0,0,0,0,0,1,0,0,0,1,0,1,1,1,0,0,0,1,1,1,1,1,1,1,0,1,1,0,0,0,1
36,0.48792778135558595,13.37,17,1,0,1,0,0,0,0,0,1,0,0,0,1,0,1,1,1,0,0,0,1,1,1,1,1,1,1,0,1,1,0,0,0,1
36,0.48792778135558595,13.37,17,1,0,1,0,0,0,0,0,1,0,0,0,1,0,1,1,1,0,0,0,1,1,1,1,1,1,1,0,1,1,0,0,0,1
36,0.48792778135558595,13.37,17,1,0,1,0,0,0,0,0,1,0,0,0,1,0,1,1,1,0,0,0,1,1,1,1,1,1,1,0,1,1,0,0,0,1
37,0.48792778135558595,13.37,17,1,0,1,0,0,0,0,0,1,0,0,0,1,0,1,1,1,0,0,0,1,1,1,1,1,1,1,0,1,1,0,0,0,1
37,0.48792778135558595,13.37,17,1,0,1,0,0,0,0,0,1,0,0,0,1,0,1,1,1,0,0,0,1,1,1,1,1,1,1,0,1,1,0,0,0,1
37,0.48792778135558595,13.37,17,1,0,1,0,0,0,0,0,1,0,0,0,1,0,1,1,1,0,0,0,1,1,1,1,1,1,1,0,1,1,0,0,0,1
37,0.48792778135558595,13.37,17,1,0,1,0,0,0,0,0,1,0,0,0,1,0,1,1,1,0,0,0,1,1,1,1,1,1,1,0,1,1,0,0,0,1
37,0.48792778135558595,13.37,17,1,0,1,0,0,0,0,0,1,0,0,0,1,0,1,1,1,0,0,0,1,1,1,1,1,1,1,0,1,1,0,0,0,1
37,0.48792778135558595,13.37,17,1,0,1,0,0,0,0,0,1,0,0,0,1,0,1,1,1,0,0,0,1,1,1,1,1,1,1,0,1,1,0,0,0,1
37,0.48792778135558595,13.37,17,1,0,1,0,0,0,0,0,1,0,0,0,1,0,1,1,1,0,0,0,1,1,1,1,1,1,1,0,1,1,0,0,0,1
37,0.48792778135558595,13.37,17,1,0,1,0,0,0,0,0,1,0,0,0,1,0,1,1,1,0,0,0,1,1,1,1,1,1,1,0,1,1,0,0,0,1
37,0.48792778135558595,13.37,17,1,0,1,0,0,0,0,0,1,0,0,0,1,0,1,1,1,0,0,0,1,1,1,1,1,1,1,0,1,1,0,0,0,1
37,0.48792778135558595,13.37,17,1,0,1,0,0,0,0,0,1,0,0,0,1,0,1,1,1,0,0,0,1,1,1,1,1,1,1,0,1,1,0,0,0,1
37,0.49837337537882015,13.64,16,1,0,1,0,0,0,0,0,1,0,0,0,1,0,1,1,1,0,0,0,1,1,1,1,1,1,1,0,1,0,0,0,0,1
37,0.48792778135558595,13.37,17,1,0,1,0,0,0,0,0,1,0,0,0,1,0,1,1,1,0,0,0,1,1,1,1,1,1,1,0,1,1,0,0,0,1
38,0.48792778135558595,13.37,17,1,0,1,0,0,0,0,0,1,0,0,0,1,0,1,1,1,0,0,0,1,1,1,1,1,1,1,0,1,1,0,0,0,1
38,0.48792778135558595,13.37,17,1,0,1,0,0,0,0,0,1,0,0,0,1,0,1,1,1,0,0,0,1,1,1,1,1,1,1,0,1,1,0,0,0,1
38,0.48792778135558595,13.37,17,1,0,1,0,0,0,0,0,1,0,0,0,1,0,1,1,1,0,0,0,1,1,1,1,1,1,1,0,1,1,0,0,0,1
38,0.4885065982506627,13.38,17,1,0,1,0,0,0,0,0,1,0,0,0,1,0,1,1,1,0,1,0,1,1,1,0,1,1,1,0,1,1,0,0,0,1
38,0.48792778135558595,13.37,17,1,0,1,0,0,0,0,0,1,0,0,0,1,0,1,1,1,0,0,0,1,1,1,1,1,1,1,0,1,1,0,0,0,1
38,0.48792778135558595,13.37,17,1,0,1,0,0,0,0,0,1,0,0,0,1,0,1,1,1,0,0,0,1,1,1,1,1,1,1,0,1,1,0,0,0,1
38,0.48792778135558595,13.37,17,1,0,1,0,0,0,0,0,1,0,0,0,1,0,1,1,1,0,0,0,1,1,1,1,1,1,1,0,1,1,0,0,0,1
38,0.48792778135558595,13.37,17,1,0,1,0,0,0,0,0,1,0,0,0,1,0,1,1,1,0,0,0,1,1,1,1,1,1,1,0,1,1,0,0,0,1
38,0.48792778135558595,13.37,17,1,0,1,0,0,0,0,0,1,0,0,0,1,0,1,1,1,0,0,0,1,1,1,1,1,1,1,0,1,1,0,0,0,1
38,0.48792778135558595,13.37,17,1,0,1,0,0,0,0,0,1,0,0,0,1,0,1,1,1,0,0,0,1,1,1,1,1,1,1,0,1,1,0,0,0,1
38,0.48792778135558595,13.37,17,1,0,1,0,0,0,0,0,1,0,0,0,1,0,1,1,1,0,0,0,1,1,1,1,1,1,1,0,1,1,0,0,0,1
38,0.48792778135558595,13.37,17,1,0,1,0,0,0,0,0,1,0,0,0,1,0,1,1,1,0,0,0,1,1,1,1,1,1,1,0,1,1,0,0,0,1
38,0.48792778135558595,13.37,17,1,0,1,0,0,0,0,0,1,0,0,0,1,0,1,1,1,0,0,0,1,1,1,1,1,1,1,0,1,1,0,0,0,1
38,0.48792778135558595,13.37,17,1,0,1,0,0,0,0,0,1,0,0,0,1,0,1,1,1,0,0,0,1,1,1,1,1,1,1,0,1,1,0,0,0,1
39,0.48792778135558595,13.37,17,1,0,1,0,0,0,0,0,1,0,0,0,1,0,1,1,1,0,0,0,1,1,1,1,1,1,1,0,1,1,0,0,0,1
39,0.48792778135558595,13.37,17,1,0,1,0,0,0,0,0,1,0,0,0,1,0,1,1,1,0,0,0,1,1,1,1,1,1,1,0,1,1,0,0,0,1
39,0.48792778135558595,13.37,17,1,0,1,0,0,0,0,0,1,0,0,0,1,0,1,1,1,0,0,0,1,1,1,1,1,1,1,0,1,1,0,0,0,1
39,0.48792778135558595,13.37,17,1,0,1,0,0,0,0,0,1,0,0,0,1,0,1,1,1,0,0,0,1,1,1,1,1,1,1,0,1,1,0,0,0,1
39,0.48792778135558595,13.37,17,1,0,1,0,0,0,0,0,1,0,0,0,1,0,1,1,1,0,0,0,1,1,1,1,1,1,1,0,1,1,0,0,0,1
39,0.48792778135558595,13.37,17,1,0,1,0,0,0,0,0,1,0,0,0,1,0,1,1,1,0,0,0,1,1,1,1,1,1,1,0,1,1,0,0,0,1
40,0.48792778135558595,13.37,17,1,0,1,0,0,0,0,0,1,0,0,0,1,0,1,1,1,0,0,0,1,1,1,1,1,1,1,0,1,1,0,0,0,1
40,0.48792778135558595,13.37,17,1,0,1,0,0,0,0,0,1,0,0,0,1,0,1,1,1,0,0,0,1,1,1,1,1,1,1,0,1,1,0,0,0,1
40,0.4890144962595747,12.82,18,1,0,1,0,0,0,0,0,1,0,0,0,1,0,1,1,1,0,0,0,1,1,1,1,1,1,1,0,1,1,1,0,0,1
40,0.48792778135558595,13.37,17,1,0,1,0,0,0,0,0,1,0,0,0,1,0,1,1,1,0,0,0,1,1,1,1,1,1,1,0,1,1,0,0,0,1
40,0.48792778135558595,13.37,17,1,0,1,0,0,0,0,0,1,0,0,0,1,0,1,1,1,0,0,0,1,1,1,1,1,1,1,0,1,1,0,0,0,1
40,0.48792778135558595,13.37,17,1,0,1,0,0,0,0,0,1,0,0,0,1,0,1,1,1,0,0,0,1,1,1,1,1,1,1,0,1,1,0,0,0,1
40,0.48792778135558595,13.37,17,1,0,1,0,0,0,0,0,1,0,0,0,1,0,1,1,1,0,0,0,1,1,1,1,1,1,1,0,1,1,0,0,0,1
40,0.48792778135558595,13.37,17,1,0,1,0,0,0,0,0,1,0,0,0,1,0,1,1,1,0,0,0,1,1,1,1,1,1,1,0,1,1,0,0,0,1
40,0.48792778135558595,13.37,17,1,0,1,0,0,0,0,0,1,0,0,0,1,0,1,1,1,0,0,0,1,1,1,1,1,1,1,0,1,1,0,0,0,1
40,0.48792778135558595,13.37,17,1,0,1,0,0,0,0,0,1,0,0,0,1,0,1,1,1,0,0,0,1,1,1,1,1,1,1,0,1,1,0,0,0,1
40,0.48792778135558595,13.37,17,1,0,1,0,0,0,0,0,1,0,0,0,1,0,1,1,1,0,0,0,1,1,1,1,1,1,1,0,1,1,0,0,0,1
40,0.48792778135558595,13.37,17,1,0,1,0,0,0,0,0,1,0,0,0,1,0,1,1,1,0,0,0,1,1,1,1,1,1,1,0,1,1,0,0,0,1
40,0.48792778135558595,13.37,17,1,0,1,0,0,0,0,0,1,0,0,0,1,0,1,1,1,0,0,0,1,1,1,1,1,1,1,0,1,1,0,0,0,1
40,0.48792778135558595,13.37,17,1,0,1,0,0,0,0,0,1,0,0,0,1,0,1,1,1,0,0,0,1,1,1,1,1,1,1,0,1,1,0,0,0,1
41,0.48792778135558595,13.37,17,1,0,1,0,0,0,0,0,1,0,0,0,1,0,1,1,1,0,0,0,1,1,1,1,1,1,1,0,1,1,0,0,0,1
41,0.48792778135558595,13.37,17,1,0,1,0,0,0,0,0,1,0,0,0,1,0,1,1,1,0,0,0,1,1,1,1,1,1,1,0,1,1,0,0,0,1
41,0.48792778135558595,13.37,17,1,0,1,0,0,0,0,0,1,0,0,0,1,0,1,1,1,0,0,0,1,1,1,1,1,1,1,0,1,1,0,0,0,1
41,0.48792778135558595,13.37,17,1,0,1,0,0,0,0,0,1,0,0,0,1,0,1,1,1,0,0,0,1,1,1,1,1,1,1,0,1,1,0,0,0,1
41,0.48792778135558595,13.37,17,1,0,1,0,0,0,0,0,1,0,0,0,1,0,1,1,1,0,0,0,1,1,1,1,1,1,1,0,1,1,0,0,0,1
41,0.48792778135558595,13.37,17,1,0,1,0,0,0,0,0,1,0,0,0,1,0,1,1,1,0,0,0,1,1,1,1,1,1,1,0,1,1,0,0,0,1
41,0.48792778135558595,13.37,17,1,0,1,0,0,0,0,0,1,0,0,0,1,0,1,1,1,0,0,0,1,1,1,1,1,1,1,0,1,1,0,0,0,1
41,0.48792778135558595,13.37,17,1,0,1,0,0,0,0,0,1,0,0,0,1,0,1,1,1,0,0,0,1,1,1,1,1,1,1,0,1,1,0,0,0,1
41,0.48792778135558595,13.37,17,1,0,1,0,0,0,0,0,1,0,0,0,1,0,1,1,1,0,0,0,1,1,1,1,1,1,1,0,1,1,0,0,0,1
41,0.48792778135558595,13.37,17,1,0,1,0,0,0,0,0,1,0,0,0,1,0,1,1,1,0,0,0,1,1,1,1,1,1,1,0,1,1,0,0,0,1
41,0.48792778135558595,13.37,17,1,0,1,0,0,0,0,0,1,0,0,0,1,0,1,1,1,0,0,0,1,1,1,1,1,1,1,0,1,1,0,0,0,1
41,0.48792778135558595,13.37,17,1,0,1,0,0,0,0,0,1,0,0,0,1,0,1,1,1,0,0,0,1,1,1,1,1,1,1,0,1,1,0,0,0,1
41,0.48792778135558595,13.37,17,1,0,1,0,0,0,0,0,1,0,0,0,1,0,1,1,1,0,0,0,1,1,1,1,1,1,1,0,1,1,0,0,0,1
41,0.48792778135558595,13.37,17,1,0,1,0,0,0,0,0,1,0,0,0,1,0,1,1,1,0,0,0,1,1,1,1,1,1,1,0,1,1,0,0,0,1
42,0.48792778135558595,13.37,17,1,0,1,0,0,0,0,0,1,0,0,0,1,0,1,1,1,0,0,0,1,1,1,1,1,1,1,0,1,1,0,0,0,1
42,0.48792778135558595,13.37,17,1,0,1,0,0,0,0,0,1,0,0,0,1,0,1,1,1,0,0,0,1,1,1,1,1,1,1,0,1,1,0,0,0,1
42,0.48792778135558595,13.37,17,1,0,1,0,0,0,0,0,1,0,0,0,1,0,1,1,1,0,0,0,1,1,1,1,1,1,1,0,1,1,0,0,0,1
42,0.48792778135558595,13.37,17,1,0,1,0,0,0,0,0,1,0,0,0,1,0,1,1,1,0,0,0,1,1,1,1,1,1,1,0,1,1,0,0,0,1
42,0.48792778135558595,13.37,17,1,0,1,0,0,0,0,0,1,0,0,0,1,0,1,1,1,0,0,0,1,1,1,1,1,1,1,0,1,1,0,0,0,1
42,0.48792778135558595,13.37,17,1,0,1,0,0,0,0,0,1,0,0,0,1,0,1,1,1,0,0,0,1,1,1,1,1,1,1,0,1,1,0,0,0,1
42,0.48792778135558595,13.37,17,1,0,1,0,0,0,0,0,1,0,0,0,1,0,1,1,1,0,0,0,1,1,1,1,1,1,1,0,1,1,0,0,0,1
42,0.48792778135558595,13.37,17,1,0,1,0,0,0,0,0,1,0,0,0,1,0,1,1,1,0,0,0,1,1,1,1,1,1,1,0,1,1,0,0,0,1
42,0.48792778135558595,13.37,17,1,0,1,0,0,0,0,0,1,0,0,0,1,0,1,1,1,0,0,0,1,1,1,1,1,1,1,0,1,1,0,0,0,1
42,0.48792778135558595,13.37,17,1,0,1,0,0,0,0,0,1,0,0,0,1,0,1,1,1,0,0,0,1,1,1,1,1,1,1,0,1,1,0,0,0,1
42,0.48792778135558595,13.37,17,1,0,1,0,0,0,0,0,1,0,0,0,1,0,1,1,1,0,0,0,1,1,1,1,1,1,1,0,1,1,0,0,0,1
42,0.48792778135558595,13.37,17,1,0,1,0,0,0,0,0,1,0,0,0,1,0,1,1,1,0,0,0,1,1,1,1,1,1,1,0,1,1,0,0,0,1
42,0.48792778135558595,13.37,17,1,0,1,0,0,0,0,0,1,0,0,0,1,0,1,1,1,0,0,0,1,1,1,1,1,1,1,0,1,1,0,0,0,1
42,0.48792778135558595,13.37,17,1,0,1,0,0,0,0,0,1,0,0,0,1,0,1,1,1,0,0,0,1,1,1,1,1,1,1,0,1,1,0,0,0,1
42,0.48792778135558595,13.37,17,1,0,1,0,0,0,0,0,1,0,0,0,1,0,1,1,1,0,0,0,1,1,1,1,1,1,1,0,1,1,0,0,0,1
42,0.48792778135558595,13.37,17,1,0,1,0,0,0,0,0,1,0,0,0,1,0,1,1,1,0,0,0,1,1,1,1,1,1,1,0,1,1,0,0,0,1
43,0.48792778135558595,13.37,17,1,0,1,0,0,0,0,0,1,0,0,0,1,0,1,1,1,0,0,0,1,1,1,1,1,1,1,0,1,1,0,0,0,1
43,0.48792778135558595,13.37,17,1,0,1,0,0,0,0,0,1,0,0,0,1,0,1,1,1,0,0,0,1,1,1,1,1,1,1,0,1,1,0,0,0,1
43,0.48792778135558595,13.37,17,1,0,1,0,0,0,0,0,1,0,0,0,1,0,1,1,1,0,0,0,1,1,1,1,1,1,1,0,1,1,0,0,0,1
43,0.48792778135558595,13.37,17,1,0,1,0,0,0,0,0,1,0,0,0,1,0,1,1,1,0,0,0,1,1,1,1,1,1,1,0,1,1,0,0,0,1
43,0.48792778135558595,13.37,17,1,0,1,0,0,0,0,0,1,0,0,0,1,0,1,1,1,0,0,0,1,1,1,1,1,1,1,0,1,1,0,0,0,1
43,0.48792778135558595,13.37,17,1,0,1,0,0,0,0,0,1,0,0,0,1,0,1,1,1,0,0,0,1,1,1,1,1,1,1,0,1,1,0,0,0,1
43,0.48792778135558595,13.37,17,1,0,1,0,0,0,0,0,1,0,0,0,1,0,1,1,1,0,0,0,1,1,1,1,1,1,1,0,1,1,0,0,0,1
43,0.48792778135558595,13.37,17,1,0,1,0,0,0,0,0,1,0,0,0,1,0,1,1,1,0,0,0,1,1,1,1,1,1,1,0,1,1,0,0,0,1
43,0.48792778135558595,13.37,17,1,0,1,0,0,0,0,0,1,0,0,0,1,0,1,1,1,0,0,0,1,1,1,1,1,1,1,0,1,1,0,0,0,1
43,0.48792778135558595,13.37,17,1,0,1,0,0,0,0,0,1,0,0,0,1,0,1,1,1,0,0,0,1,1,1,1,1,1,1,0,1,1,0,0,0,1
43,0.48792778135558595,13.37,17,1,0,1,0,0,0,0,0,1,0,0,0,1,0,1,1,1,0,0,0,1,1,1,1,1,1,1,0,1,1,0,0,0,1
43,0.48792778135558595,13.37,17,1,0,1,0,0,0,0,0,1,0,0,0,1,0,1,1,1,0,0,0,1,1,1,1,1,1,1,0,1,1,0,0,0,1
44,0.48792778135558595,13.37,17,1,0,1,0,0,0,0,0,1,0,0,0,1,0,1,1,1,0,0,0,1,1,1,1,1,1,1,0,1,1,0,0,0,1
44,0.48792778135558595,13.37,17,1,0,1,0,0,0,0,0,1,0,0,0,1,0,1,1,1,0,0,0,1,1,1,1,1,1,1,0,1,1,0,0,0,1
44,0.48792778135558595,13.37,17,1,0,1,0,0,0,0,0,1,0,0,0,1,0,1,1,1,0,0,0,1,1,1,1,1,1,1,0,1,1,0,0,0,1
44,0.48792778135558595,13.37,17,1,0,1,0,0,0,0,0,1,0,0,0,1,0,1,1,1,0,0,0,1,1,1,1,1,1,1,0,1,1,0,0,0,1
44,0.48792778135558595,13.37,17,1,0,1,0,0,0,0,0,1,0,0,0,1,0,1,1,1,0,0,0,1,1,1,1,1,1,1,0,1,1,0,0,0,1
44,0.48792778135558595,13.37,17,1,0,1,0,0,0,0,0,1,0,0,0,1,0,1,1,1,0,0,0,1,1,1,1,1,1,1,0,1,1,0,0,0,1
44,0.48792778135558595,13.37,17,1,0,1,0,0,0,0,0,1,0,0,0,1,0,1,1,1,0,0,0,1,1,1,1,1,1,1,0,1,1,0,0,0,1
44,0.48792778135558595,13.37,17,1,0,1,0,0,0,0,0,1,0,0,0,1,0,1,1,1,0,0,0,1,1,1,1,1,1,1,0,1,1,0,0,0,1
