0,0.8969711758758346,7.04,21,1,0,1,0,1,1,1,1,1,1,1,0,0,0,1,1,1,1,1,0,0,1,0,1,0,1,1,1,1,0,1,0,0,0
0,0.9163450371969186,6.99,13,0,1,1,0,1,1,1,0,0,1,0,0,0,0,0,0,0,0,0,1,0,0,1,1,1,1,0,0,1,0,0,0,1,0
0,0.5644029485667232,15.24,10,1,0,0,1,0,0,0,0,1,0,1,1,0,0,0,1,1,0,0,0,0,0,0,0,1,0,0,0,1,0,0,1,0,0
0,0.9188089895296743,5.46,15,1,1,1,0,1,0,0,1,0,1,0,1,1,0,1,0,1,0,0,0,0,0,0,1,0,1,0,0,1,1,0,1,0,0
0,0.863789362229193,5.37,21,1,1,1,1,0,0,1,1,0,0,0,0,1,1,1,0,1,0,1,1,1,1,0,0,1,1,1,1,0,1,1,0,0,1
0,0.9306330992304593,5.5,20,1,0,0,1,1,1,1,1,1,1,0,1,1,1,0,1,1,0,0,1,0,0,0,0,1,0,1,0,1,0,1,1,1,0
0,0.9115048606139055,4.04,20,1,1,0,0,1,0,0,1,1,0,1,0,1,0,1,0,1,0,1,0,0,0,1,0,0,1,1,1,1,1,1,1,1,1
0,0.5805325782476669,17.39,12,1,0,1,0,0,1,0,0,0,0,1,1,0,0,0,0,1,0,0,0,1,0,0,0,0,1,0,1,0,0,1,1,0,1
0,0.9190663614585893,7.26,18,1,1,0,0,1,1,0,0,0,1,0,0,1,0,0,0,0,1,1,0,0,0,1,1,1,1,1,0,0,1,1,1,1,1
0,0.5468787644234606,16.78,13,1,0,0,0,1,0,0,0,1,0,0,1,1,0,1,0,1,1,0,1,1,0,0,1,1,1,0,0,0,0,0,0,0,0
0,0.5875464227752852,19.64,12,0,0,0,0,0,0,0,0,0,0,1,1,0,1,0,0,1,1,0,0,1,0,1,1,1,0,1,0,1,0,0,1,0,0
0,0.9196673346703039,6.07,13,0,1,1,1,1,0,0,0,1,1,0,0,1,0,0,1,1,1,0,1,0,0,1,0,1,0,0,0,0,0,0,0,0,0
0,0.8996074770479271,4.24,16,0,1,0,1,1,0,1,1,1,1,0,1,0,0,0,0,1,1,0,1,0,0,0,1,1,0,0,1,1,0,0,0,0,1
0,0.9103581090392723,3.14,21,0,1,1,1,0,0,1,1,1,1,0,1,1,1,0,1,1,1,0,1,0,0,1,0,0,1,1,1,0,0,0,1,1,1
0,0.9166712297636502,6.74,18,1,0,1,0,0,1,0,1,1,0,0,0,1,0,0,1,0,0,1,0,1,1,1,1,0,0,0,1,1,1,0,1,1,1
0,0.9365649321788534,7.78,18,1,1,0,1,0,1,0,0,1,0,1,0,0,1,1,1,1,0,0,1,0,1,0,1,0,0,1,0,1,0,1,0,1,1
0,0.5849942621354589,18.57,14,0,1,0,1,0,1,0,0,0,0,0,1,0,1,0,0,1,0,1,1,1,1,0,1,0,1,0,1,0,0,0,1,0,0
0,0.922230985904648,8.2,23,1,1,1,0,1,1,0,0,1,0,1,1,1,1,1,1,1,1,1,1,0,1,0,1,1,1,1,0,1,0,0,1,0,0
0,0.5967457383890715,18.79,14,1,0,1,0,1,1,0,0,0,0,1,0,1,0,1,1,0,0,0,1,0,1,1,0,0,0,0,1,0,1,0,0,1,0
0,0.9020785523715769,4.85,19,0,1,1,1,0,0,0,1,0,1,1,1,0,1,0,0,0,1,0,0,1,1,1,0,0,1,1,1,1,0,1,0,1,1
1,0.5972452614234157,19.18,13,0,1,1,0,1,1,0,0,0,0,0,0,1,0,0,1,0,0,0,1,0,1,1,0,0,0,0,1,1,1,0,0,1,0
1,0.9191451956037162,11.14,14,1,0,1,0,1,1,1,0,0,1,1,0,0,0,1,0,0,0,0,1,0,0,1,1,1,1,0,0,0,0,0,0,1,0
1,0.9053369116636092,7.12,16,1,0,0,1,1,1,1,1,1,1,1,0,0,0,0,0,1,1,0,0,0,0,0,1,0,0,1,1,1,0,1,0,0,0
1,0.894886098998068,4.2,21,0,1,1,0,1,0,1,1,1,1,0,1,0,0,1,1,1,1,1,1,0,1,0,1,1,1,0,1,1,0,0,0,0,1
1,0.5468787644234606,16.78,13,1,0,0,0,1,0,0,0,1,0,0,1,1,0,1,0,1,1,0,1,1,0,0,1,1,1,0,0,0,0,0,0,0,0
1,0.5468787644234606,16.78,13,1,0,0,0,1,0,0,0,1,0,0,1,1,0,1,0,1,1,0,1,1,0,0,1,1,1,0,0,0,0,0,0,0,0
1,0.8054861518221819,9.29,15,1,0,1,0,0,1,1,1,0,0,1,0,0,0,1,1,1,0,0,0,0,0,0,1,0,1,1,1,0,0,1,0,0,1
1,0.9036446787047261,10.68,18,1,0,1,0,1,1,0,0,1,1,1,1,0,0,0,0,1,1,1,0,1,1,0,0,0,1,0,1,1,0,1,1,0,0
1,0.8838268433866925,3.91,24,1,1,1,0,1,1,1,1,1,0,0,0,0,1,1,0,1,1,1,1,1,1,0,0,1,1,1,1,1,1,1,0,0,1
1,0.9094469797984804,8.32,18,1,0,1,1,0,0,1,1,0,1,1,0,1,0,1,1,1,0,1,0,0,1,0,1,0,1,1,1,0,0,1,0,0,0
1,0.9146466468286101,6.96,21,1,0,1,0,1,1,1,1,1,1,1,1,0,1,1,1,1,1,0,0,0,1,0,0,0,1,1,1,1,0,1,0,0,0
1,0.8991789077337299,4.72,19,0,1,1,1,0,0,0,1,0,1,1,0,0,0,0,0,0,1,1,0,1,1,1,1,0,1,1,1,1,0,1,0,1,1
2,0.9150061131451803,9.08,15,0,1,0,1,1,1,0,0,1,0,0,1,0,0,1,0,1,1,0,1,1,1,0,1,0,1,0,1,0,0,0,0,0,0
2,0.583263467270354,19.37,12,1,0,0,0,0,0,0,0,0,0,0,1,1,1,0,0,1,0,1,1,1,0,0,1,1,1,0,0,0,0,0,1,0,0
2,0.5468787644234606,16.78,13,1,0,0,0,1,0,0,0,1,0,0,1,1,0,1,0,1,1,0,1,1,0,0,1,1,1,0,0,0,0,0,0,0,0
2,0.5468787644234606,16.78,13,1,0,0,0,1,0,0,0,1,0,0,1,1,0,1,0,1,1,0,1,1,0,0,1,1,1,0,0,0,0,0,0,0,0
2,0.863789362229193,5.37,21,1,1,1,1,0,0,1,1,0,0,0,0,1,1,1,0,1,0,1,1,1,1,0,0,1,1,1,1,0,1,1,0,0,1
3,0.583263467270354,19.18,13,1,0,0,0,1,0,0,0,0,0,0,1,1,0,0,0,1,1,1,1,1,0,0,1,1,1,0,0,0,0,0,1,0,0
3,0.5139635436358012,17.11,12,1,0,0,0,0,0,0,0,1,0,0,1,1,1,1,0,1,0,0,1,1,0,0,1,1,1,0,0,0,0,0,0,0,0
3,0.5552291045856893,16.91,13,0,0,0,0,1,0,0,0,1,0,1,1,1,1,1,0,1,1,0,0,1,0,1,1,1,0,0,0,0,0,0,0,0,0
3,0.5795903358157493,19.33,12,1,0,0,0,0,0,0,0,0,0,0,1,0,0,0,0,1,1,0,1,1,0,0,1,1,1,1,0,1,0,0,1,0,0
3,0.5972452614234157,19.18,13,0,1,1,0,1,1,0,0,0,0,0,0,1,0,0,1,0,0,0,1,0,1,1,0,0,0,0,1,1,1,0,0,1,0
3,0.5972452614234157,19.18,13,0,1,1,0,1,1,0,0,0,0,0,0,1,0,0,1,0,0,0,1,0,1,1,0,0,0,0,1,1,1,0,0,1,0
3,0.5468787644234606,16.78,13,1,0,0,0,1,0,0,0,1,0,0,1,1,0,1,0,1,1,0,1,1,0,0,1,1,1,0,0,0,0,0,0,0,0
3,0.5468787644234606,16.78,13,1,0,0,0,1,0,0,0,1,0,0,1,1,0,1,0,1,1,0,1,1,0,0,1,1,1,0,0,0,0,0,0,0,0
3,0.5468787644234606,16.78,13,1,0,0,0,1,0,0,0,1,0,0,1,1,0,1,0,1,1,0,1,1,0,0,1,1,1,0,0,0,0,0,0,0,0
3,0.5468787644234606,16.78,13,1,0,0,0,1,0,0,0,1,0,0,1,1,0,1,0,1,1,0,1,1,0,0,1,1,1,0,0,0,0,0,0,0,0
4,0.5468787644234606,16.78,13,1,0,0,0,1,0,0,0,1,0,0,1,1,0,1,0,1,1,0,1,1,0,0,1,1,1,0,0,0,0,0,0,0,0
4,0.5468787644234606,16.78,13,1,0,0,0,1,0,0,0,1,0,0,1,1,0,1,0,1,1,0,1,1,0,0,1,1,1,0,0,0,0,0,0,0,0
4,0.5468787644234606,16.78,13,1,0,0,0,1,0,0,0,1,0,0,1,1,0,1,0,1,1,0,1,1,0,0,1,1,1,0,0,0,0,0,0,0,0
4,0.5468787644234606,16.78,13,1,0,0,0,1,0,0,0,1,0,0,1,1,0,1,0,1,1,0,1,1,0,0,1,1,1,0,0,0,0,0,0,0,0
4,0.5468787644234606,16.78,13,1,0,0,0,1,0,0,0,1,0,0,1,1,0,1,0,1,1,0,1,1,0,0,1,1,1,0,0,0,0,0,0,0,0
4,0.5468787644234606,16.78,13,1,0,0,0,1,0,0,0,1,0,0,1,1,0,1,0,1,1,0,1,1,0,0,1,1,1,0,0,0,0,0,0,0,0
4,0.5140707646690397,17.13,11,1,0,0,0,0,0,0,0,1,0,0,1,1,0,1,0,1,0,0,1,1,0,0,1,1,1,0,0,0,0,0,0,0,0
4,0.5468844986902782,16.76,14,1,0,0,0,1,0,0,0,1,0,0,1,1,1,1,0,1,1,0,1,1,0,0,1,1,1,0,0,0,0,0,0,0,0
4,0.5468787644234606,16.78,13,1,0,0,0,1,0,0,0,1,0,0,1,1,0,1,0,1,1,0,1,1,0,0,1,1,1,0,0,0,0,0,0,0,0
4,0.5468787644234606,16.78,13,1,0,0,0,1,0,0,0,1,0,0,1,1,0,1,0,1,1,0,1,1,0,0,1,1,1,0,0,0,0,0,0,0,0
4,0.5468787644234606,16.78,13,1,0,0,0,1,0,0,0,1,0,0,1,1,0,1,0,1,1,0,1,1,0,0,1,1,1,0,0,0,0,0,0,0,0
4,0.5468787644234606,16.78,13,1,0,0,0,1,0,0,0,1,0,0,1,1,0,1,0,1,1,0,1,1,0,0,1,1,1,0,0,0,0,0,0,0,0
5,0.5468787644234606,16.78,13,1,0,0,0,1,0,0,0,1,0,0,1,1,0,1,0,1,1,0,1,1,0,0,1,1,1,0,0,0,0,0,0,0,0
5,0.5468787644234606,16.78,13,1,0,0,0,1,0,0,0,1,0,0,1,1,0,1,0,1,1,0,1,1,0,0,1,1,1,0,0,0,0,0,0,0,0
5,0.5140707646690397,17.13,11,1,0,0,0,0,0,0,0,1,0,0,1,1,0,1,0,1,0,0,1,1,0,0,1,1,1,0,0,0,0,0,0,0,0
5,0.5468787644234606,16.78,13,1,0,0,0,1,0,0,0,1,0,0,1,1,0,1,0,1,1,0,1,1,0,0,1,1,1,0,0,0,0,0,0,0,0
5,0.5468787644234606,16.78,13,1,0,0,0,1,0,0,0,1,0,0,1,1,0,1,0,1,1,0,1,1,0,0,1,1,1,0,0,0,0,0,0,0,0
5,0.5468787644234606,16.78,13,1,0,0,0,1,0,0,0,1,0,0,1,1,0,1,0,1,1,0,1,1,0,0,1,1,1,0,0,0,0,0,0,0,0
5,0.5468787644234606,16.78,13,1,0,0,0,1,0,0,0,1,0,0,1,1,0,1,0,1,1,0,1,1,0,0,1,1,1,0,0,0,0,0,0,0,0
5,0.5468787644234606,16.78,13,1,0,0,0,1,0,0,0,1,0,0,1,1,0,1,0,1,1,0,1,1,0,0,1,1,1,0,0,0,0,0,0,0,0
6,0.5140707646690397,17.13,12,1,0,0,0,0,0,0,0,1,0,0,1,1,0,1,0,1,1,0,1,1,0,0,1,1,1,0,0,0,0,0,0,0,0
6,0.5468787644234606,16.78,12,1,0,0,0,1,0,0,0,1,0,0,1,1,0,1,0,1,0,0,1,1,0,0,1,1,1,0,0,0,0,0,0,0,0
6,0.5140707646690397,17.13,11,1,0,0,0,0,0,0,0,1,0,0,1,1,0,1,0,1,0,0,1,1,0,0,1,1,1,0,0,0,0,0,0,0,0
6,0.5468787644234606,16.78,13,1,0,0,0,1,0,0,0,1,0,0,1,1,0,1,0,1,1,0,1,1,0,0,1,1,1,0,0,0,0,0,0,0,0
6,0.5140707646690397,17.13,11,1,0,0,0,0,0,0,0,1,0,0,1,1,0,1,0,1,0,0,1,1,0,0,1,1,1,0,0,0,0,0,0,0,0
6,0.5140707646690397,17.13,11,1,0,0,0,0,0,0,0,1,0,0,1,1,0,1,0,1,0,0,1,1,0,0,1,1,1,0,0,0,0,0,0,0,0
6,0.5468787644234606,16.78,13,1,0,0,0,1,0,0,0,1,0,0,1,1,0,1,0,1,1,0,1,1,0,0,1,1,1,0,0,0,0,0,0,0,0
6,0.5468787644234606,16.78,13,1,0,0,0,1,0,0,0,1,0,0,1,1,0,1,0,1,1,0,1,1,0,0,1,1,1,0,0,0,0,0,0,0,0
6,0.8708793910770183,10.14,14,1,0,0,0,1,0,0,1,1,0,0,1,1,0,1,0,1,1,0,1,1,0,0,1,1,1,0,0,0,0,0,0,0,0
6,0.5468787644234606,16.78,12,1,0,0,0,1,0,0,0,1,0,0,1,1,0,1,0,1,0,0,1,1,0,0,1,1,1,0,0,0,0,0,0,0,0
6,0.5140707646690397,17.13,12,1,0,0,0,0,0,0,0,1,0,0,1,1,0,1,0,1,1,0,1,1,0,0,1,1,1,0,0,0,0,0,0,0,0
6,0.5140707646690397,17.13,11,1,0,0,0,0,0,0,0,1,0,0,1,1,0,1,0,1,0,0,1,1,0,0,1,1,1,0,0,0,0,0,0,0,0
6,0.5468787644234606,16.78,13,1,0,0,0,1,0,0,0,1,0,0,1,1,0,1,0,1,1,0,1,1,0,0,1,1,1,0,0,0,0,0,0,0,0
7,0.5140707646690397,17.13,12,1,0,0,0,0,0,0,0,1,0,0,1,1,0,1,0,1,1,0,1,1,0,0,1,1,1,0,0,0,0,0,0,0,0
7,0.5140707646690397,17.13,11,1,0,0,0,0,0,0,0,1,0,0,1,1,0,1,0,1,0,0,1,1,0,0,1,1,1,0,0,0,0,0,0,0,0
7,0.5468787644234606,16.78,13,1,0,0,0,1,0,0,0,1,0,0,1,1,0,1,0,1,1,0,1,1,0,0,1,1,1,0,0,0,0,0,0,0,0
7,0.5140707646690397,17.13,11,1,0,0,0,0,0,0,0,1,0,0,1,1,0,1,0,1,0,0,1,1,0,0,1,1,1,0,0,0,0,0,0,0,0
7,0.5140707646690397,17.13,12,1,0,0,0,0,0,0,0,1,0,0,1,1,0,1,0,1,1,0,1,1,0,0,1,1,1,0,0,0,0,0,0,0,0
7,0.5140707646690397,17.13,11,1,0,0,0,0,0,0,0,1,0,0,1,1,0,1,0,1,0,0,1,1,0,0,1,1,1,0,0,0,0,0,0,0,0
7,0.5140707646690397,17.13,12,1,0,0,0,0,0,0,0,1,0,0,1,1,0,1,0,1,1,0,1,1,0,0,1,1,1,0,0,0,0,0,0,0,0
7,0.5140707646690397,17.13,11,1,0,0,0,0,0,0,0,1,0,0,1,1,0,1,0,1,0,0,1,1,0,0,1,1,1,0,0,0,0,0,0,0,0
7,0.5140707646690397,17.13,11,1,0,0,0,0,0,0,0,1,0,0,1,1,0,1,0,1,0,0,1,1,0,0,1,1,1,0,0,0,0,0,0,0,0
7,0.5140707646690397,17.13,11,1,0,0,0,0,0,0,0,1,0,0,1,1,0,1,0,1,0,0,1,1,0,0,1,1,1,0,0,0,0,0,0,0,0
7,0.5140707646690397,17.13,11,1,0,0,0,0,0,0,0,1,0,0,1,1,0,1,0,1,0,0,1,1,0,0,1,1,1,0,0,0,0,0,0,0,0
7,0.5140707646690397,17.13,11,1,0,0,0,0,0,0,0,1,0,0,1,1,0,1,0,1,0,0,1,1,0,0,1,1,1,0,0,0,0,0,0,0,0
7,0.5468787644234606,16.78,12,1,0,0,0,1,0,0,0,1,0,0,1,1,0,1,0,1,0,0,1,1,0,0,1,1,1,0,0,0,0,0,0,0,0
7,0.5140707646690397,17.13,11,1,0,0,0,0,0,0,0,1,0,0,1,1,0,1,0,1,0,0,1,1,0,0,1,1,1,0,0,0,0,0,0,0,0
7,0.5140707646690397,17.13,11,1,0,0,0,0,0,0,0,1,0,0,1,1,0,1,0,1,0,0,1,1,0,0,1,1,1,0,0,0,0,0,0,0,0
7,0.5140707646690397,17.13,12,1,0,0,0,0,0,0,0,1,0,0,1,1,0,1,0,1,1,0,1,1,0,0,1,1,1,0,0,0,0,0,0,0,0
8,0.5140707646690397,17.13,12,1,0,0,0,0,0,0,0,1,0,0,1,1,0,1,0,1,1,0,1,1,0,0,1,1,1,0,0,0,0,0,0,0,0
8,0.5140707646690397,17.13,11,1,0,0,0,0,0,0,0,1,0,0,1,1,0,1,0,1,0,0,1,1,0,0,1,1,1,0,0,0,0,0,0,0,0
8,0.5190564405194408,17.3,10,1,0,0,0,0,0,0,0,1,0,0,1,1,0,1,0,1,0,0,1,1,0,0,1,1,0,0,0,0,0,0,0,0,0
8,0.5140707646690397,17.13,11,1,0,0,0,0,0,0,0,1,0,0,1,1,0,1,0,1,0,0,1,1,0,0,1,1,1,0,0,0,0,0,0,0,0
8,0.5140707646690397,17.13,11,1,0,0,0,0,0,0,0,1,0,0,1,1,0,1,0,1,0,0,1,1,0,0,1,1,1,0,0,0,0,0,0,0,0
8,0.5140707646690397,17.13,11,1,0,0,0,0,0,0,0,1,0,0,1,1,0,1,0,1,0,0,1,1,0,0,1,1,1,0,0,0,0,0,0,0,0
8,0.5140707646690397,17.13,11,1,0,0,0,0,0,0,0,1,0,0,1,1,0,1,0,1,0,0,1,1,0,0,1,1,1,0,0,0,0,0,0,0,0
8,0.5140707646690397,17.13,11,1,0,0,0,0,0,0,0,1,0,0,1,1,0,1,0,1,0,0,1,1,0,0,1,1,1,0,0,0,0,0,0,0,0
8,0.5140707646690397,17.13,12,1,0,0,0,0,0,0,0,1,0,0,1,1,0,1,0,1,1,0,1,1,0,0,1,1,1,0,0,0,0,0,0,0,0
9,0.5140707646690397,17.13,11,1,0,0,0,0,0,0,0,1,0,0,1,1,0,1,0,1,0,0,1,1,0,0,1,1,1,0,0,0,0,0,0,0,0
9,0.5140707646690397,17.13,11,1,0,0,0,0,0,0,0,1,0,0,1,1,0,1,0,1,0,0,1,1,0,0,1,1,1,0,0,0,0,0,0,0,0
9,0.5140707646690397,17.13,11,1,0,0,0,0,0,0,0,1,0,0,1,1,0,1,0,1,0,0,1,1,0,0,1,1,1,0,0,0,0,0,0,0,0
9,0.5140707646690397,17.13,11,1,0,0,0,0,0,0,0,1,0,0,1,1,0,1,0,1,0,0,1,1,0,0,1,1,1,0,0,0,0,0,0,0,0
9,0.5140707646690397,17.13,11,1,0,0,0,0,0,0,0,1,0,0,1,1,0,1,0,1,0,0,1,1,0,0,1,1,1,0,0,0,0,0,0,0,0
9,0.5140707646690397,17.13,11,1,0,0,0,0,0,0,0,1,0,0,1,1,0,1,0,1,0,0,1,1,0,0,1,1,1,0,0,0,0,0,0,0,0
9,0.5140707646690397,17.13,11,1,0,0,0,0,0,0,0,1,0,0,1,1,0,1,0,1,0,0,1,1,0,0,1,1,1,0,0,0,0,0,0,0,0
9,0.5140707646690397,17.13,12,1,0,0,0,0,0,0,0,1,0,0,1,1,0,1,0,1,1,0,1,1,0,0,1,1,1,0,0,0,0,0,0,0,0
9,0.5140707646690397,17.13,11,1,0,0,0,0,0,0,0,1,0,0,1,1,0,1,0,1,0,0,1,1,0,0,1,1,1,0,0,0,0,0,0,0,0
9,0.5140707646690397,17.13,11,1,0,0,0,0,0,0,0,1,0,0,1,1,0,1,0,1,0,0,1,1,0,0,1,1,1,0,0,0,0,0,0,0,0
9,0.5140707646690397,17.13,11,1,0,0,0,0,0,0,0,1,0,0,1,1,0,1,0,1,0,0,1,1,0,0,1,1,1,0,0,0,0,0,0,0,0
9,0.5140707646690397,17.13,11,1,0,0,0,0,0,0,0,1,0,0,1,1,0,1,0,1,0,0,1,1,0,0,1,1,1,0,0,0,0,0,0,0,0
9,0.5140707646690397,17.13,11,1,0,0,0,0,0,0,0,1,0,0,1,1,0,1,0,1,0,0,1,1,0,0,1,1,1,0,0,0,0,0,0,0,0
9,0.5140707646690397,17.13,11,1,0,0,0,0,0,0,0,1,0,0,1,1,0,1,0,1,0,0,1,1,0,0,1,1,1,0,0,0,0,0,0,0,0
10,0.5140707646690397,17.13,11,1,0,0,0,0,0,0,0,1,0,0,1,1,0,1,0,1,0,0,1,1,0,0,1,1,1,0,0,0,0,0,0,0,0
10,0.5140707646690397,17.13,12,1,0,0,0,0,0,0,0,1,0,0,1,1,0,1,0,1,1,0,1,1,0,0,1,1,1,0,0,0,0,0,0,0,0
10,0.5140707646690397,17.13,11,1,0,0,0,0,0,0,0,1,0,0,1,1,0,1,0,1,0,0,1,1,0,0,1,1,1,0,0,0,0,0,0,0,0
10,0.5140707646690397,17.13,12,1,0,0,0,0,0,0,0,1,0,0,1,1,0,1,0,1,1,0,1,1,0,0,1,1,1,0,0,0,0,0,0,0,0
10,0.5140707646690397,17.13,11,1,0,0,0,0,0,0,0,1,0,0,1,1,0,1,0,1,0,0,1,1,0,0,1,1,1,0,0,0,0,0,0,0,0
10,0.5140707646690397,17.13,12,1,0,0,0,0,0,0,0,1,0,0,1,1,0,1,0,1,1,0,1,1,0,0,1,1,1,0,0,0,0,0,0,0,0
10,0.5140707646690397,17.13,11,1,0,0,0,0,0,0,0,1,0,0,1,1,0,1,0,1,0,0,1,1,0,0,1,1,1,0,0,0,0,0,0,0,0
10,0.5140707646690397,17.13,11,1,0,0,0,0,0,0,0,1,0,0,1,1,0,1,0,1,0,0,1,1,0,0,1,1,1,0,0,0,0,0,0,0,0
10,0.5140707646690397,17.13,11,1,0,0,0,0,0,0,0,1,0,0,1,1,0,1,0,1,0,0,1,1,0,0,1,1,1,0,0,0,0,0,0,0,0
10,0.5140707646690397,17.13,11,1,0,0,0,0,0,0,0,1,0,0,1,1,0,1,0,1,0,0,1,1,0,0,1,1,1,0,0,0,0,0,0,0,0
10,0.5140707646690397,17.13,11,1,0,0,0,0,0,0,0,1,0,0,1,1,0,1,0,1,0,0,1,1,0,0,1,1,1,0,0,0,0,0,0,0,0
10,0.5140707646690397,17.13,11,1,0,0,0,0,0,0,0,1,0,0,1,1,0,1,0,1,0,0,1,1,0,0,1,1,1,0,0,0,0,0,0,0,0
10,0.5140707646690397,17.13,11,1,0,0,0,0,0,0,0,1,0,0,1,1,0,1,0,1,0,0,1,1,0,0,1,1,1,0,0,0,0,0,0,0,0
10,0.5140707646690397,17.13,11,1,0,0,0,0,0,0,0,1,0,0,1,1,0,1,0,1,0,0,1,1,0,0,1,1,1,0,0,0,0,0,0,0,0
11,0.5140707646690397,17.13,11,1,0,0,0,0,0,0,0,1,0,0,1,1,0,1,0,1,0,0,1,1,0,0,1,1,1,0,0,0,0,0,0,0,0
11,0.5140707646690397,17.13,11,1,0,0,0,0,0,0,0,1,0,0,1,1,0,1,0,1,0,0,1,1,0,0,1,1,1,0,0,0,0,0,0,0,0
11,0.5140707646690397,17.13,11,1,0,0,0,0,0,0,0,1,0,0,1,1,0,1,0,1,0,0,1,1,0,0,1,1,1,0,0,0,0,0,0,0,0
11,0.5140707646690397,17.13,11,1,0,0,0,0,0,0,0,1,0,0,1,1,0,1,0,1,0,0,1,1,0,0,1,1,1,0,0,0,0,0,0,0,0
11,0.5140707646690397,17.13,11,1,0,0,0,0,0,0,0,1,0,0,1,1,0,1,0,1,0,0,1,1,0,0,1,1,1,0,0,0,0,0,0,0,0
11,0.5140707646690397,17.13,11,1,0,0,0,0,0,0,0,1,0,0,1,1,0,1,0,1,0,0,1,1,0,0,1,1,1,0,0,0,0,0,0,0,0
11,0.5140707646690397,17.13,11,1,0,0,0,0,0,0,0,1,0,0,1,1,0,1,0,1,0,0,1,1,0,0,1,1,1,0,0,0,0,0,0,0,0
11,0.5140707646690397,17.13,11,1,0,0,0,0,0,0,0,1,0,0,1,1,0,1,0,1,0,0,1,1,0,0,1,1,1,0,0,0,0,0,0,0,0
12,0.5140707646690397,17.13,11,1,0,0,0,0,0,0,0,1,0,0,1,1,0,1,0,1,0,0,1,1,0,0,1,1,1,0,0,0,0,0,0,0,0
12,0.5140707646690397,17.13,11,1,0,0,0,0,0,0,0,1,0,0,1,1,0,1,0,1,0,0,1,1,0,0,1,1,1,0,0,0,0,0,0,0,0
12,0.5140707646690397,17.13,11,1,0,0,0,0,0,0,0,1,0,0,1,1,0,1,0,1,0,0,1,1,0,0,1,1,1,0,0,0,0,0,0,0,0
12,0.5140707646690397,17.13,12,1,0,0,0,0,0,0,0,1,0,0,1,1,0,1,0,1,1,0,1,1,0,0,1,1,1,0,0,0,0,0,0,0,0
12,0.5140707646690397,17.13,11,1,0,0,0,0,0,0,0,1,0,0,1,1,0,1,0,1,0,0,1,1,0,0,1,1,1,0,0,0,0,0,0,0,0
12,0.5140707646690397,17.13,11,1,0,0,0,0,0,0,0,1,0,0,1,1,0,1,0,1,0,0,1,1,0,0,1,1,1,0,0,0,0,0,0,0,0
12,0.5140707646690397,17.13,11,1,0,0,0,0,0,0,0,1,0,0,1,1,0,1,0,1,0,0,1,1,0,0,1,1,1,0,0,0,0,0,0,0,0
12,0.5140707646690397,17.13,12,1,0,0,0,0,0,0,0,1,0,0,1,1,0,1,0,1,1,0,1,1,0,0,1,1,1,0,0,0,0,0,0,0,0
13,0.5140707646690397,17.13,11,1,0,0,0,0,0,0,0,1,0,0,1,1,0,1,0,1,0,0,1,1,0,0,1,1,1,0,0,0,0,0,0,0,0
13,0.5140707646690397,17.13,11,1,0,0,0,0,0,0,0,1,0,0,1,1,0,1,0,1,0,0,1,1,0,0,1,1,1,0,0,0,0,0,0,0,0
13,0.5140707646690397,17.13,11,1,0,0,0,0,0,0,0,1,0,0,1,1,0,1,0,1,0,0,1,1,0,0,1,1,1,0,0,0,0,0,0,0,0
13,0.5140707646690397,17.13,11,1,0,0,0,0,0,0,0,1,0,0,1,1,0,1,0,1,0,0,1,1,0,0,1,1,1,0,0,0,0,0,0,0,0
13,0.5140707646690397,17.13,11,1,0,0,0,0,0,0,0,1,0,0,1,1,0,1,0,1,0,0,1,1,0,0,1,1,1,0,0,0,0,0,0,0,0
13,0.5140707646690397,17.13,11,1,0,0,0,0,0,0,0,1,0,0,1,1,0,1,0,1,0,0,1,1,0,0,1,1,1,0,0,0,0,0,0,0,0
13,0.5140707646690397,17.13,11,1,0,0,0,0,0,0,0,1,0,0,1,1,0,1,0,1,0,0,1,1,0,0,1,1,1,0,0,0,0,0,0,0,0
13,0.5140707646690397,17.13,11,1,0,0,0,0,0,0,0,1,0,0,1,1,0,1,0,1,0,0,1,1,0,0,1,1,1,0,0,0,0,0,0,0,0
13,0.5140707646690397,17.13,11,1,0,0,0,0,0,0,0,1,0,0,1,1,0,1,0,1,0,0,1,1,0,0,1,1,1,0,0,0,0,0,0,0,0
13,0.5140707646690397,17.13,11,1,0,0,0,0,0,0,0,1,0,0,1,1,0,1,0,1,0,0,1,1,0,0,1,1,1,0,0,0,0,0,0,0,0
13,0.5140707646690397,17.13,11,1,0,0,0,0,0,0,0,1,0,0,1,1,0,1,0,1,0,0,1,1,0,0,1,1,1,0,0,0,0,0,0,0,0
13,0.5140707646690397,17.13,11,1,0,0,0,0,0,0,0,1,0,0,1,1,0,1,0,1,0,0,1,1,0,0,1,1,1,0,0,0,0,0,0,0,0
14,0.5140707646690397,17.13,11,1,0,0,0,0,0,0,0,1,0,0,1,1,0,1,0,1,0,0,1,1,0,0,1,1,1,0,0,0,0,0,0,0,0
14,0.5140707646690397,17.13,11,1,0,0,0,0,0,0,0,1,0,0,1,1,0,1,0,1,0,0,1,1,0,0,1,1,1,0,0,0,0,0,0,0,0
14,0.5140707646690397,17.13,11,1,0,0,0,0,0,0,0,1,0,0,1,1,0,1,0,1,0,0,1,1,0,0,1,1,1,0,0,0,0,0,0,0,0
14,0.5140707646690397,17.13,11,1,0,0,0,0,0,0,0,1,0,0,1,1,0,1,0,1,0,0,1,1,0,0,1,1,1,0,0,0,0,0,0,0,0
14,0.5140707646690397,17.13,11,1,0,0,0,0,0,0,0,1,0,0,1,1,0,1,0,1,0,0,1,1,0,0,1,1,1,0,0,0,0,0,0,0,0
14,0.5140707646690397,17.13,11,1,0,0,0,0,0,0,0,1,0,0,1,1,0,1,0,1,0,0,1,1,0,0,1,1,1,0,0,0,0,0,0,0,0
14,0.5140707646690397,17.13,11,1,0,0,0,0,0,0,0,1,0,0,1,1,0,1,0,1,0,0,1,1,0,0,1,1,1,0,0,0,0,0,0,0,0
14,0.5140707646690397,17.13,11,1,0,0,0,0,0,0,0,1,0,0,1,1,0,1,0,1,0,0,1,1,0,0,1,1,1,0,0,0,0,0,0,0,0
14,0.5140707646690397,17.13,11,1,0,0,0,0,0,0,0,1,0,0,1,1,0,1,0,1,0,0,1,1,0,0,1,1,1,0,0,0,0,0,0,0,0
14,0.5140707646690397,17.13,11,1,0,0,0,0,0,0,0,1,0,0,1,1,0,1,0,1,0,0,1,1,0,0,1,1,1,0,0,0,0,0,0,0,0
14,0.5140707646690397,17.13,11,1,0,0,0,0,0,0,0,1,0,0,1,1,0,1,0,1,0,0,1,1,0,0,1,1,1,0,0,0,0,0,0,0,0
15,0.5140707646690397,17.13,11,1,0,0,0,0,0,0,0,1,0,0,1,1,0,1,0,1,0,0,1,1,0,0,1,1,1,0,0,0,0,0,0,0,0
15,0.5140707646690397,17.13,11,1,0,0,0,0,0,0,0,1,0,0,1,1,0,1,0,1,0,0,1,1,0,0,1,1,1,0,0,0,0,0,0,0,0
15,0.5140707646690397,17.13,11,1,0,0,0,0,0,0,0,1,0,0,1,1,0,1,0,1,0,0,1,1,0,0,1,1,1,0,0,0,0,0,0,0,0
15,0.5140707646690397,17.13,11,1,0,0,0,0,0,0,0,1,0,0,1,1,0,1,0,1,0,0,1,1,0,0,1,1,1,0,0,0,0,0,0,0,0
15,0.5140707646690397,17.13,11,1,0,0,0,0,0,0,0,1,0,0,1,1,0,1,0,1,0,0,1,1,0,0,1,1,1,0,0,0,0,0,0,0,0
15,0.5140707646690397,17.13,11,1,0,0,0,0,0,0,0,1,0,0,1,1,0,1,0,1,0,0,1,1,0,0,1,1,1,0,0,0,0,0,0,0,0
16,0.5140707646690397,17.13,11,1,0,0,0,0,0,0,0,1,0,0,1,1,0,1,0,1,0,0,1,1,0,0,1,1,1,0,0,0,0,0,0,0,0
16,0.5140707646690397,17.13,11,1,0,0,0,0,0,0,0,1,0,0,1,1,0,1,0,1,0,0,1,1,0,0,1,1,1,0,0,0,0,0,0,0,0
16,0.5140707646690397,17.13,11,1,0,0,0,0,0,0,0,1,0,0,1,1,0,1,0,1,0,0,1,1,0,0,1,1,1,0,0,0,0,0,0,0,0
16,0.5140707646690397,17.13,11,1,0,0,0,0,0,0,0,1,0,0,1,1,0,1,0,1,0,0,1,1,0,0,1,1,1,0,0,0,0,0,0,0,0
16,0.5843601436362229,23.01,10,1,0,0,0,0,0,0,0,0,0,0,1,1,0,1,0,1,0,0,1,1,0,0,1,1,1,0,0,0,0,0,0,0,0
16,0.5140707646690397,17.13,11,1,0,0,0,0,0,0,0,1,0,0,1,1,0,1,0,1,0,0,1,1,0,0,1,1,1,0,0,0,0,0,0,0,0
16,0.5140707646690397,17.13,11,1,0,0,0,0,0,0,0,1,0,0,1,1,0,1,0,1,0,0,1,1,0,0,1,1,1,0,0,0,0,0,0,0,0
17,0.5140707646690397,17.13,11,1,0,0,0,0,0,0,0,1,0,0,1,1,0,1,0,1,0,0,1,1,0,0,1,1,1,0,0,0,0,0,0,0,0
17,0.5140707646690397,17.13,11,1,0,0,0,0,0,0,0,1,0,0,1,1,0,1,0,1,0,0,1,1,0,0,1,1,1,0,0,0,0,0,0,0,0
17,0.5140707646690397,17.13,11,1,0,0,0,0,0,0,0,1,0,0,1,1,0,1,0,1,0,0,1,1,0,0,1,1,1,0,0,0,0,0,0,0,0
17,0.5140707646690397,17.13,11,1,0,0,0,0,0,0,0,1,0,0,1,1,0,1,0,1,0,0,1,1,0,0,1,1,1,0,0,0,0,0,0,0,0
17,0.536242738299021,16.78,13,1,0,0,0,0,0,0,0,1,0,0,1,1,1,1,0,1,0,0,1,1,0,0,1,1,1,0,0,0,1,0,0,0,0
17,0.5140707646690397,17.13,11,1,0,0,0,0,0,0,0,1,0,0,1,1,0,1,0,1,0,0,1,1,0,0,1,1,1,0,0,0,0,0,0,0,0
17,0.5140707646690397,17.13,11,1,0,0,0,0,0,0,0,1,0,0,1,1,0,1,0,1,0,0,1,1,0,0,1,1,1,0,0,0,0,0,0,0,0
17,0.5140707646690397,17.13,11,1,0,0,0,0,0,0,0,1,0,0,1,1,0,1,0,1,0,0,1,1,0,0,1,1,1,0,0,0,0,0,0,0,0
17,0.5140707646690397,17.13,11,1,0,0,0,0,0,0,0,1,0,0,1,1,0,1,0,1,0,0,1,1,0,0,1,1,1,0,0,0,0,0,0,0,0
17,0.5140707646690397,17.13,11,1,0,0,0,0,0,0,0,1,0,0,1,1,0,1,0,1,0,0,1,1,0,0,1,1,1,0,0,0,0,0,0,0,0
17,0.5140707646690397,17.13,11,1,0,0,0,0,0,0,0,1,0,0,1,1,0,1,0,1,0,0,1,1,0,0,1,1,1,0,0,0,0,0,0,0,0
18,0.5140707646690397,17.13,11,1,0,0,0,0,0,0,0,1,0,0,1,1,0,1,0,1,0,0,1,1,0,0,1,1,1,0,0,0,0,0,0,0,0
18,0.5140707646690397,17.13,11,1,0,0,0,0,0,0,0,1,0,0,1,1,0,1,0,1,0,0,1,1,0,0,1,1,1,0,0,0,0,0,0,0,0
18,0.5140707646690397,17.13,11,1,0,0,0,0,0,0,0,1,0,0,1,1,0,1,0,1,0,0,1,1,0,0,1,1,1,0,0,0,0,0,0,0,0
18,0.5140707646690397,17.13,11,1,0,0,0,0,0,0,0,1,0,0,1,1,0,1,0,1,0,0,1,1,0,0,1,1,1,0,0,0,0,0,0,0,0
18,0.5140707646690397,17.13,11,1,0,0,0,0,0,0,0,1,0,0,1,1,0,1,0,1,0,0,1,1,0,0,1,1,1,0,0,0,0,0,0,0,0
18,0.5140707646690397,17.13,11,1,0,0,0,0,0,0,0,1,0,0,1,1,0,1,0,1,0,0,1,1,0,0,1,1,1,0,0,0,0,0,0,0,0
18,0.5140707646690397,17.13,11,1,0,0,0,0,0,0,0,1,0,0,1,1,0,1,0,1,0,0,1,1,0,0,1,1,1,0,0,0,0,0,0,0,0
18,0.5140707646690397,17.13,11,1,0,0,0,0,0,0,0,1,0,0,1,1,0,1,0,1,0,0,1,1,0,0,1,1,1,0,0,0,0,0,0,0,0
19,0.5140707646690397,17.13,11,1,0,0,0,0,0,0,0,1,0,0,1,1,0,1,0,1,0,0,1,1,0,0,1,1,1,0,0,0,0,0,0,0,0
19,0.5140707646690397,17.13,11,1,0,0,0,0,0,0,0,1,0,0,1,1,0,1,0,1,0,0,1,1,0,0,1,1,1,0,0,0,0,0,0,0,0
19,0.5140516256449952,17.13,12,1,0,0,0,0,0,0,0,1,0,0,1,1,0,1,0,1,0,0,1,1,0,0,1,1,1,0,0,1,0,0,0,0,0
19,0.5140707646690397,17.13,11,1,0,0,0,0,0,0,0,1,0,0,1,1,0,1,0,1,0,0,1,1,0,0,1,1,1,0,0,0,0,0,0,0,0
19,0.5140707646690397,17.13,11,1,0,0,0,0,0,0,0,1,0,0,1,1,0,1,0,1,0,0,1,1,0,0,1,1,1,0,0,0,0,0,0,0,0
19,0.5140707646690397,17.13,11,1,0,0,0,0,0,0,0,1,0,0,1,1,0,1,0,1,0,0,1,1,0,0,1,1,1,0,0,0,0,0,0,0,0
19,0.5140707646690397,17.13,11,1,0,0,0,0,0,0,0,1,0,0,1,1,0,1,0,1,0,0,1,1,0,0,1,1,1,0,0,0,0,0,0,0,0
19,0.5140707646690397,17.13,11,1,0,0,0,0,0,0,0,1,0,0,1,1,0,1,0,1,0,0,1,1,0,0,1,1,1,0,0,0,0,0,0,0,0
19,0.5140707646690397,17.13,11,1,0,0,0,0,0,0,0,1,0,0,1,1,0,1,0,1,0,0,1,1,0,0,1,1,1,0,0,0,0,0,0,0,0
19,0.5140707646690397,17.13,11,1,0,0,0,0,0,0,0,1,0,0,1,1,0,1,0,1,0,0,1,1,0,0,1,1,1,0,0,0,0,0,0,0,0
19,0.5140707646690397,17.13,11,1,0,0,0,0,0,0,0,1,0,0,1,1,0,1,0,1,0,0,1,1,0,0,1,1,1,0,0,0,0,0,0,0,0
19,0.5140707646690397,17.13,11,1,0,0,0,0,0,0,0,1,0,0,1,1,0,1,0,1,0,0,1,1,0,0,1,1,1,0,0,0,0,0,0,0,0
20,0.5140516256449952,17.13,12,1,0,0,0,0,0,0,0,1,0,0,1,1,0,1,0,1,0,0,1,1,0,0,1,1,1,0,0,1,0,0,0,0,0
20,0.5140707646690397,17.13,11,1,0,0,0,0,0,0,0,1,0,0,1,1,0,1,0,1,0,0,1,1,0,0,1,1,1,0,0,0,0,0,0,0,0
20,0.5140707646690397,17.13,11,1,0,0,0,0,0,0,0,1,0,0,1,1,0,1,0,1,0,0,1,1,0,0,1,1,1,0,0,0,0,0,0,0,0
20,0.5140707646690397,17.13,11,1,0,0,0,0,0,0,0,1,0,0,1,1,0,1,0,1,0,0,1,1,0,0,1,1,1,0,0,0,0,0,0,0,0
20,0.5140707646690397,17.13,11,1,0,0,0,0,0,0,0,1,0,0,1,1,0,1,0,1,0,0,1,1,0,0,1,1,1,0,0,0,0,0,0,0,0
20,0.5140707646690397,17.13,11,1,0,0,0,0,0,0,0,1,0,0,1,1,0,1,0,1,0,0,1,1,0,0,1,1,1,0,0,0,0,0,0,0,0
20,0.5140707646690397,17.13,11,1,0,0,0,0,0,0,0,1,0,0,1,1,0,1,0,1,0,0,1,1,0,0,1,1,1,0,0,0,0,0,0,0,0
20,0.5140707646690397,17.13,11,1,0,0,0,0,0,0,0,1,0,0,1,1,0,1,0,1,0,0,1,1,0,0,1,1,1,0,0,0,0,0,0,0,0
20,0.5140707646690397,17.13,11,1,0,0,0,0,0,0,0,1,0,0,1,1,0,1,0,1,0,0,1,1,0,0,1,1,1,0,0,0,0,0,0,0,0
20,0.5140707646690397,17.13,11,1,0,0,0,0,0,0,0,1,0,0,1,1,0,1,0,1,0,0,1,1,0,0,1,1,1,0,0,0,0,0,0,0,0
20,0.5140707646690397,17.13,11,1,0,0,0,0,0,0,0,1,0,0,1,1,0,1,0,1,0,0,1,1,0,0,1,1,1,0,0,0,0,0,0,0,0
20,0.5140707646690397,17.13,11,1,0,0,0,0,0,0,0,1,0,0,1,1,0,1,0,1,0,0,1,1,0,0,1,1,1,0,0,0,0,0,0,0,0
21,0.5140516256449952,17.13,12,1,0,0,0,0,0,0,0,1,0,0,1,1,0,1,0,1,0,0,1,1,0,0,1,1,1,0,0,1,0,0,0,0,0
21,0.5140516256449952,17.13,12,1,0,0,0,0,0,0,0,1,0,0,1,1,0,1,0,1,0,0,1,1,0,0,1,1,1,0,0,1,0,0,0,0,0
21,0.5140516256449952,17.13,12,1,0,0,0,0,0,0,0,1,0,0,1,1,0,1,0,1,0,0,1,1,0,0,1,1,1,0,0,1,0,0,0,0,0
21,0.5140516256449952,17.13,12,1,0,0,0,0,0,0,0,1,0,0,1,1,0,1,0,1,0,0,1,1,0,0,1,1,1,0,0,1,0,0,0,0,0
21,0.5140707646690397,17.13,11,1,0,0,0,0,0,0,0,1,0,0,1,1,0,1,0,1,0,0,1,1,0,0,1,1,1,0,0,0,0,0,0,0,0
21,0.5140707646690397,17.13,11,1,0,0,0,0,0,0,0,1,0,0,1,1,0,1,0,1,0,0,1,1,0,0,1,1,1,0,0,0,0,0,0,0,0
21,0.5140516256449952,17.13,12,1,0,0,0,0,0,0,0,1,0,0,1,1,0,1,0,1,0,0,1,1,0,0,1,1,1,0,0,1,0,0,0,0,0
21,0.5140516256449952,17.13,12,1,0,0,0,0,0,0,0,1,0,0,1,1,0,1,0,1,0,0,1,1,0,0,1,1,1,0,0,1,0,0,0,0,0
22,0.5140707646690397,17.13,11,1,0,0,0,0,0,0,0,1,0,0,1,1,0,1,0,1,0,0,1,1,0,0,1,1,1,0,0,0,0,0,0,0,0
22,0.5140516256449952,17.13,12,1,0,0,0,0,0,0,0,1,0,0,1,1,0,1,0,1,0,0,1,1,0,0,1,1,1,0,0,1,0,0,0,0,0
22,0.5140516256449952,17.13,12,1,0,0,0,0,0,0,0,1,0,0,1,1,0,1,0,1,0,0,1,1,0,0,1,1,1,0,0,1,0,0,0,0,0
22,0.5140516256449952,17.13,12,1,0,0,0,0,0,0,0,1,0,0,1,1,0,1,0,1,0,0,1,1,0,0,1,1,1,0,0,1,0,0,0,0,0
22,0.5140516256449952,17.13,12,1,0,0,0,0,0,0,0,1,0,0,1,1,0,1,0,1,0,0,1,1,0,0,1,1,1,0,0,1,0,0,0,0,0
22,0.5140516256449952,17.13,12,1,0,0,0,0,0,0,0,1,0,0,1,1,0,1,0,1,0,0,1,1,0,0,1,1,1,0,0,1,0,0,0,0,0
22,0.5140516256449952,17.13,12,1,0,0,0,0,0,0,0,1,0,0,1,1,0,1,0,1,0,0,1,1,0,0,1,1,1,0,0,1,0,0,0,0,0
22,0.5140516256449952,17.13,12,1,0,0,0,0,0,0,0,1,0,0,1,1,0,1,0,1,0,0,1,1,0,0,1,1,1,0,0,1,0,0,0,0,0
22,0.5140516256449952,17.13,12,1,0,0,0,0,0,0,0,1,0,0,1,1,0,1,0,1,0,0,1,1,0,0,1,1,1,0,0,1,0,0,0,0,0
22,0.5140516256449952,17.13,12,1,0,0,0,0,0,0,0,1,0,0,1,1,0,1,0,1,0,0,1,1,0,0,1,1,1,0,0,1,0,0,0,0,0
22,0.5140516256449952,17.13,12,1,0,0,0,0,0,0,0,1,0,0,1,1,0,1,0,1,0,0,1,1,0,0,1,1,1,0,0,1,0,0,0,0,0
22,0.5140516256449952,17.13,12,1,0,0,0,0,0,0,0,1,0,0,1,1,0,1,0,1,0,0,1,1,0,0,1,1,1,0,0,1,0,0,0,0,0
23,0.5140516256449952,17.13,12,1,0,0,0,0,0,0,0,1,0,0,1,1,0,1,0,1,0,0,1,1,0,0,1,1,1,0,0,1,0,0,0,0,0
23,0.5140516256449952,17.13,12,1,0,0,0,0,0,0,0,1,0,0,1,1,0,1,0,1,0,0,1,1,0,0,1,1,1,0,0,1,0,0,0,0,0
23,0.5140516256449952,17.13,12,1,0,0,0,0,0,0,0,1,0,0,1,1,0,1,0,1,0,0,1,1,0,0,1,1,1,0,0,1,0,0,0,0,0
23,0.5140516256449952,17.13,12,1,0,0,0,0,0,0,0,1,0,0,1,1,0,1,0,1,0,0,1,1,0,0,1,1,1,0,0,1,0,0,0,0,0
23,0.5140516256449952,17.13,12,1,0,0,0,0,0,0,0,1,0,0,1,1,0,1,0,1,0,0,1,1,0,0,1,1,1,0,0,1,0,0,0,0,0
23,0.5140516256449952,17.13,12,1,0,0,0,0,0,0,0,1,0,0,1,1,0,1,0,1,0,0,1,1,0,0,1,1,1,0,0,1,0,0,0,0,0
23,0.5140516256449952,17.13,12,1,0,0,0,0,0,0,0,1,0,0,1,1,0,1,0,1,0,0,1,1,0,0,1,1,1,0,0,1,0,0,0,0,0
23,0.5140516256449952,17.13,12,1,0,0,0,0,0,0,0,1,0,0,1,1,0,1,0,1,0,0,1,1,0,0,1,1,1,0,0,1,0,0,0,0,0
24,0.5140516256449952,17.13,11,1,0,0,0,0,0,0,0,1,0,0,1,1,0,0,0,1,0,0,1,1,0,0,1,1,1,0,0,1,0,0,0,0,0
24,0.5140516256449952,17.13,12,1,0,0,0,0,0,0,0,1,0,0,1,1,0,1,0,1,0,0,1,1,0,0,1,1,1,0,0,1,0,0,0,0,0
24,0.5140516256449952,17.13,12,1,0,0,0,0,0,0,0,1,0,0,1,1,0,1,0,1,0,0,1,1,0,0,1,1,1,0,0,1,0,0,0,0,0
24,0.5140516256449952,17.13,12,1,0,0,0,0,0,0,0,1,0,0,1,1,0,1,0,1,0,0,1,1,0,0,1,1,1,0,0,1,0,0,0,0,0
24,0.5140516256449952,17.13,12,1,0,0,0,0,0,0,0,1,0,0,1,1,0,1,0,1,0,0,1,1,0,0,1,1,1,0,0,1,0,0,0,0,0
24,0.5140516256449952,17.13,12,1,0,0,0,0,0,0,0,1,0,0,1,1,0,1,0,1,0,0,1,1,0,0,1,1,1,0,0,1,0,0,0,0,0
24,0.5140516256449952,17.13,12,1,0,0,0,0,0,0,0,1,0,0,1,1,0,1,0,1,0,0,1,1,0,0,1,1,1,0,0,1,0,0,0,0,0
24,0.5140516256449952,17.13,12,1,0,0,0,0,0,0,0,1,0,0,1,1,0,1,0,1,0,0,1,1,0,0,1,1,1,0,0,1,0,0,0,0,0
24,0.5140516256449952,17.13,12,1,0,0,0,0,0,0,0,1,0,0,1,1,0,1,0,1,0,0,1,1,0,0,1,1,1,0,0,1,0,0,0,0,0
24,0.5140516256449952,17.13,12,1,0,0,0,0,0,0,0,1,0,0,1,1,0,1,0,1,0,0,1,1,0,0,1,1,1,0,0,1,0,0,0,0,0
25,0.5140516256449952,17.13,12,1,0,0,0,0,0,0,0,1,0,0,1,1,0,1,0,1,0,0,1,1,0,0,1,1,1,0,0,1,0,0,0,0,0
25,0.5168094520241446,17.22,11,1,0,0,0,0,0,0,0,1,0,0,1,1,0,1,0,0,0,0,1,1,0,0,1,1,1,0,0,1,0,0,0,0,0
25,0.5140516256449952,17.13,12,1,0,0,0,0,0,0,0,1,0,0,1,1,0,1,0,1,0,0,1,1,0,0,1,1,1,0,0,1,0,0,0,0,0
25,0.5140516256449952,17.13,11,1,0,0,0,0,0,0,0,1,0,0,1,1,0,0,0,1,0,0,1,1,0,0,1,1,1,0,0,1,0,0,0,0,0
25,0.5140516256449952,17.13,12,1,0,0,0,0,0,0,0,1,0,0,1,1,0,1,0,1,0,0,1,1,0,0,1,1,1,0,0,1,0,0,0,0,0
25,0.5140516256449952,17.13,12,1,0,0,0,0,0,0,0,1,0,0,1,1,0,1,0,1,0,0,1,1,0,0,1,1,1,0,0,1,0,0,0,0,0
25,0.5140516256449952,17.13,12,1,0,0,0,0,0,0,0,1,0,0,1,1,0,1,0,1,0,0,1,1,0,0,1,1,1,0,0,1,0,0,0,0,0
25,0.5140516256449952,17.13,12,1,0,0,0,0,0,0,0,1,0,0,1,1,0,1,0,1,0,0,1,1,0,0,1,1,1,0,0,1,0,0,0,0,0
26,0.5140516256449952,17.13,12,1,0,0,0,0,0,0,0,1,0,0,1,1,0,1,0,1,0,0,1,1,0,0,1,1,1,0,0,1,0,0,0,0,0
26,0.5140516256449952,17.13,12,1,0,0,0,0,0,0,0,1,0,0,1,1,0,1,0,1,0,0,1,1,0,0,1,1,1,0,0,1,0,0,0,0,0
26,0.5140516256449952,17.13,12,1,0,0,0,0,0,0,0,1,0,0,1,1,0,1,0,1,0,0,1,1,0,0,1,1,1,0,0,1,0,0,0,0,0
26,0.5140516256449952,17.13,12,1,0,0,0,0,0,0,0,1,0,0,1,1,0,1,0,1,0,0,1,1,0,0,1,1,1,0,0,1,0,0,0,0,0
26,0.5140516256449952,17.13,12,1,0,0,0,0,0,0,0,1,0,0,1,1,0,1,0,1,0,0,1,1,0,0,1,1,1,0,0,1,0,0,0,0,0
26,0.5140516256449952,17.13,12,1,0,0,0,0,0,0,0,1,0,0,1,1,0,1,0,1,0,0,1,1,0,0,1,1,1,0,0,1,0,0,0,0,0
26,0.5140516256449952,17.13,12,1,0,0,0,0,0,0,0,1,0,0,1,1,0,1,0,1,0,0,1,1,0,0,1,1,1,0,0,1,0,0,0,0,0
27,0.5140516256449952,17.13,12,1,0,0,0,0,0,0,0,1,0,0,1,1,0,1,0,1,0,0,1,1,0,0,1,1,1,0,0,1,0,0,0,0,0
27,0.5140516256449952,17.13,12,1,0,0,0,0,0,0,0,1,0,0,1,1,0,1,0,1,0,0,1,1,0,0,1,1,1,0,0,1,0,0,0,0,0
27,0.5140516256449952,17.13,12,1,0,0,0,0,0,0,0,1,0,0,1,1,0,1,0,1,0,0,1,1,0,0,1,1,1,0,0,1,0,0,0,0,0
27,0.5140516256449952,17.13,12,1,0,0,0,0,0,0,0,1,0,0,1,1,0,1,0,1,0,0,1,1,0,0,1,1,1,0,0,1,0,0,0,0,0
27,0.5140516256449952,17.13,12,1,0,0,0,0,0,0,0,1,0,0,1,1,0,1,0,1,0,0,1,1,0,0,1,1,1,0,0,1,0,0,0,0,0
27,0.5140516256449952,17.13,12,1,0,0,0,0,0,0,0,1,0,0,1,1,0,1,0,1,0,0,1,1,0,0,1,1,1,0,0,1,0,0,0,0,0
27,0.5140516256449952,17.13,12,1,0,0,0,0,0,0,0,1,0,0,1,1,0,1,0,1,0,0,1,1,0,0,1,1,1,0,0,1,0,0,0,0,0
27,0.5140516256449952,17.13,12,1,0,0,0,0,0,0,0,1,0,0,1,1,0,1,0,1,0,0,1,1,0,0,1,1,1,0,0,1,0,0,0,0,0
27,0.5140516256449952,17.13,12,1,0,0,0,0,0,0,0,1,0,0,1,1,0,1,0,1,0,0,1,1,0,0,1,1,1,0,0,1,0,0,0,0,0
27,0.5140516256449952,17.13,12,1,0,0,0,0,0,0,0,1,0,0,1,1,0,1,0,1,0,0,1,1,0,0,1,1,1,0,0,1,0,0,0,0,0
28,0.5140516256449952,17.13,12,1,0,0,0,0,0,0,0,1,0,0,1,1,0,1,0,1,0,0,1,1,0,0,1,1,1,0,0,1,0,0,0,0,0
28,0.5140516256449952,17.13,12,1,0,0,0,0,0,0,0,1,0,0,1,1,0,1,0,1,0,0,1,1,0,0,1,1,1,0,0,1,0,0,0,0,0
28,0.5140516256449952,17.13,12,1,0,0,0,0,0,0,0,1,0,0,1,1,0,1,0,1,0,0,1,1,0,0,1,1,1,0,0,1,0,0,0,0,0
28,0.5140516256449952,17.13,12,1,0,0,0,0,0,0,0,1,0,0,1,1,0,1,0,1,0,0,1,1,0,0,1,1,1,0,0,1,0,0,0,0,0
28,0.5140516256449952,17.13,12,1,0,0,0,0,0,0,0,1,0,0,1,1,0,1,0,1,0,0,1,1,0,0,1,1,1,0,0,1,0,0,0,0,0
28,0.5140516256449952,17.13,12,1,0,0,0,0,0,0,0,1,0,0,1,1,0,1,0,1,0,0,1,1,0,0,1,1,1,0,0,1,0,0,0,0,0
28,0.5140516256449952,17.13,12,1,0,0,0,0,0,0,0,1,0,0,1,1,0,1,0,1,0,0,1,1,0,0,1,1,1,0,0,1,0,0,0,0,0
28,0.5140516256449952,17.13,12,1,0,0,0,0,0,0,0,1,0,0,1,1,0,1,0,1,0,0,1,1,0,0,1,1,1,0,0,1,0,0,0,0,0
28,0.5140516256449952,17.13,12,1,0,0,0,0,0,0,0,1,0,0,1,1,0,1,0,1,0,0,1,1,0,0,1,1,1,0,0,1,0,0,0,0,0
28,0.5140516256449952,17.13,12,1,0,0,0,0,0,0,0,1,0,0,1,1,0,1,0,1,0,0,1,1,0,0,1,1,1,0,0,1,0,0,0,0,0
29,0.5140516256449952,17.13,12,1,0,0,0,0,0,0,0,1,0,0,1,1,0,1,0,1,0,0,1,1,0,0,1,1,1,0,0,1,0,0,0,0,0
29,0.5140516256449952,17.13,12,1,0,0,0,0,0,0,0,1,0,0,1,1,0,1,0,1,0,0,1,1,0,0,1,1,1,0,0,1,0,0,0,0,0
29,0.5140516256449952,17.13,12,1,0,0,0,0,0,0,0,1,0,0,1,1,0,1,0,1,0,0,1,1,0,0,1,1,1,0,0,1,0,0,0,0,0
29,0.5140516256449952,17.13,12,1,0,0,0,0,0,0,0,1,0,0,1,1,0,1,0,1,0,0,1,1,0,0,1,1,1,0,0,1,0,0,0,0,0
29,0.5140516256449952,17.13,12,1,0,0,0,0,0,0,0,1,0,0,1,1,0,1,0,1,0,0,1,1,0,0,1,1,1,0,0,1,0,0,0,0,0
29,0.5140516256449952,17.13,12,1,0,0,0,0,0,0,0,1,0,0,1,1,0,1,0,1,0,0,1,1,0,0,1,1,1,0,0,1,0,0,0,0,0
29,0.5140516256449952,17.13,11,1,0,0,0,0,0,0,0,1,0,0,1,1,0,0,0,1,0,0,1,1,0,0,1,1,1,0,0,1,0,0,0,0,0
29,0.5140516256449952,17.13,12,1,0,0,0,0,0,0,0,1,0,0,1,1,0,1,0,1,0,0,1,1,0,0,1,1,1,0,0,1,0,0,0,0,0
29,0.5140516256449952,17.13,12,1,0,0,0,0,0,0,0,1,0,0,1,1,0,1,0,1,0,0,1,1,0,0,1,1,1,0,0,1,0,0,0,0,0
29,0.5140516256449952,17.13,12,1,0,0,0,0,0,0,0,1,0,0,1,1,0,1,0,1,0,0,1,1,0,0,1,1,1,0,0,1,0,0,0,0,0
29,0.5140516256449952,17.13,12,1,0,0,0,0,0,0,0,1,0,0,1,1,0,1,0,1,0,0,1,1,0,0,1,1,1,0,0,1,0,0,0,0,0
29,0.5140516256449952,17.13,12,1,0,0,0,0,0,0,0,1,0,0,1,1,0,1,0,1,0,0,1,1,0,0,1,1,1,0,0,1,0,0,0,0,0
29,0.5140516256449952,17.13,12,1,0,0,0,0,0,0,0,1,0,0,1,1,0,1,0,1,0,0,1,1,0,0,1,1,1,0,0,1,0,0,0,0,0
29,0.5140516256449952,17.13,12,1,0,0,0,0,0,0,0,1,0,0,1,1,0,1,0,1,0,0,1,1,0,0,1,1,1,0,0,1,0,0,0,0,0
30,0.5140516256449952,17.13,12,1,0,0,0,0,0,0,0,1,0,0,1,1,0,1,0,1,0,0,1,1,0,0,1,1,1,0,0,1,0,0,0,0,0
30,0.5140516256449952,17.13,12,1,0,0,0,0,0,0,0,1,0,0,1,1,0,1,0,1,0,0,1,1,0,0,1,1,1,0,0,1,0,0,0,0,0
30,0.5140516256449952,17.13,11,1,0,0,0,0,0,0,0,1,0,0,1,1,0,0,0,1,0,0,1,1,0,0,1,1,1,0,0,1,0,0,0,0,0
30,0.5140516256449952,17.13,12,1,0,0,0,0,0,0,0,1,0,0,1,1,0,1,0,1,0,0,1,1,0,0,1,1,1,0,0,1,0,0,0,0,0
30,0.5140516256449952,17.13,12,1,0,0,0,0,0,0,0,1,0,0,1,1,0,1,0,1,0,0,1,1,0,0,1,1,1,0,0,1,0,0,0,0,0
30,0.5140516256449952,17.13,12,1,0,0,0,0,0,0,0,1,0,0,1,1,0,1,0,1,0,0,1,1,0,0,1,1,1,0,0,1,0,0,0,0,0
30,0.5140516256449952,17.13,12,1,0,0,0,0,0,0,0,1,0,0,1,1,0,1,0,1,0,0,1,1,0,0,1,1,1,0,0,1,0,0,0,0,0
30,0.5140516256449952,17.13,12,1,0,0,0,0,0,0,0,1,0,0,1,1,0,1,0,1,0,0,1,1,0,0,1,1,1,0,0,1,0,0,0,0,0
31,0.5140516256449952,17.13,12,1,0,0,0,0,0,0,0,1,0,0,1,1,0,1,0,1,0,0,1,1,0,0,1,1,1,0,0,1,0,0,0,0,0
31,0.5140516256449952,17.13,12,1,0,0,0,0,0,0,0,1,0,0,1,1,0,1,0,1,0,0,1,1,0,0,1,1,1,0,0,1,0,0,0,0,0
31,0.5140516256449952,17.13,12,1,0,0,0,0,0,0,0,1,0,0,1,1,0,1,0,1,0,0,1,1,0,0,1,1,1,0,0,1,0,0,0,0,0
31,0.5140516256449952,17.13,12,1,0,0,0,0,0,0,0,1,0,0,1,1,0,1,0,1,0,0,1,1,0,0,1,1,1,0,0,1,0,0,0,0,0
31,0.5140516256449952,17.13,12,1,0,0,0,0,0,0,0,1,0,0,1,1,0,1,0,1,0,0,1,1,0,0,1,1,1,0,0,1,0,0,0,0,0
31,0.5140516256449952,17.13,12,1,0,0,0,0,0,0,0,1,0,0,1,1,0,1,0,1,0,0,1,1,0,0,1,1,1,0,0,1,0,0,0,0,0
31,0.5140516256449952,17.13,12,1,0,0,0,0,0,0,0,1,0,0,1,1,0,1,0,1,0,0,1,1,0,0,1,1,1,0,0,1,0,0,0,0,0
31,0.5140516256449952,17.13,12,1,0,0,0,0,0,0,0,1,0,0,1,1,0,1,0,1,0,0,1,1,0,0,1,1,1,0,0,1,0,0,0,0,0
31,0.5140516256449952,17.13,12,1,0,0,0,0,0,0,0,1,0,0,1,1,0,1,0,1,0,0,1,1,0,0,1,1,1,0,0,1,0,0,0,0,0
31,0.5140516256449952,17.13,12,1,0,0,0,0,0,0,0,1,0,0,1,1,0,1,0,1,0,0,1,1,0,0,1,1,1,0,0,1,0,0,0,0,0
31,0.5140516256449952,17.13,11,1,0,0,0,0,0,0,0,1,0,0,1,1,0,0,0,1,0,0,1,1,0,0,1,1,1,0,0,1,0,0,0,0,0
31,0.5140516256449952,17.13,11,1,0,0,0,0,0,0,0,1,0,0,1,1,0,0,0,1,0,0,1,1,0,0,1,1,1,0,0,1,0,0,0,0,0
32,0.5140516256449952,17.13,12,1,0,0,0,0,0,0,0,1,0,0,1,1,0,1,0,1,0,0,1,1,0,0,1,1,1,0,0,1,0,0,0,0,0
32,0.5140516256449952,17.13,12,1,0,0,0,0,0,0,0,1,0,0,1,1,0,1,0,1,0,0,1,1,0,0,1,1,1,0,0,1,0,0,0,0,0
32,0.5140516256449952,17.13,12,1,0,0,0,0,0,0,0,1,0,0,1,1,0,1,0,1,0,0,1,1,0,0,1,1,1,0,0,1,0,0,0,0,0
32,0.5140516256449952,17.13,12,1,0,0,0,0,0,0,0,1,0,0,1,1,0,1,0,1,0,0,1,1,0,0,1,1,1,0,0,1,0,0,0,0,0
32,0.5140516256449952,17.13,12,1,0,0,0,0,0,0,0,1,0,0,1,1,0,1,0,1,0,0,1,1,0,0,1,1,1,0,0,1,0,0,0,0,0
32,0.5140516256449952,17.13,12,1,0,0,0,0,0,0,0,1,0,0,1,1,0,1,0,1,0,0,1,1,0,0,1,1,1,0,0,1,0,0,0,0,0
32,0.5140516256449952,17.13,12,1,0,0,0,0,0,0,0,1,0,0,1,1,0,1,0,1,0,0,1,1,0,0,1,1,1,0,0,1,0,0,0,0,0
32,0.5140516256449952,17.13,12,1,0,0,0,0,0,0,0,1,0,0,1,1,0,1,0,1,0,0,1,1,0,0,1,1,1,0,0,1,0,0,0,0,0
32,0.5140516256449952,17.13,12,1,0,0,0,0,0,0,0,1,0,0,1,1,0,1,0,1,0,0,1,1,0,0,1,1,1,0,0,1,0,0,0,0,0
32,0.5140516256449952,17.13,12,1,0,0,0,0,0,0,0,1,0,0,1,1,0,1,0,1,0,0,1,1,0,0,1,1,1,0,0,1,0,0,0,0,0
32,0.5140516256449952,17.13,12,1,0,0,0,0,0,0,0,1,0,0,1,1,0,1,0,1,0,0,1,1,0,0,1,1,1,0,0,1,0,0,0,0,0
32,0.5140516256449952,17.13,12,1,0,0,0,0,0,0,0,1,0,0,1,1,0,1,0,1,0,0,1,1,0,0,1,1,1,0,0,1,0,0,0,0,0
32,0.5140516256449952,17.13,12,1,0,0,0,0,0,0,0,1,0,0,1,1,0,1,0,1,0,0,1,1,0,0,1,1,1,0,0,1,0,0,0,0,0
32,0.5140516256449952,17.13,12,1,0,0,0,0,0,0,0,1,0,0,1,1,0,1,0,1,0,0,1,1,0,0,1,1,1,0,0,1,0,0,0,0,0
33,0.5140516256449952,17.13,12,1,0,0,0,0,0,0,0,1,0,0,1,1,0,1,0,1,0,0,1,1,0,0,1,1,1,0,0,1,0,0,0,0,0
33,0.5140516256449952,17.13,12,1,0,0,0,0,0,0,0,1,0,0,1,1,0,1,0,1,0,0,1,1,0,0,1,1,1,0,0,1,0,0,0,0,0
33,0.5140516256449952,17.13,12,1,0,0,0,0,0,0,0,1,0,0,1,1,0,1,0,1,0,0,1,1,0,0,1,1,1,0,0,1,0,0,0,0,0
33,0.5140516256449952,17.13,12,1,0,0,0,0,0,0,0,1,0,0,1,1,0,1,0,1,0,0,1,1,0,0,1,1,1,0,0,1,0,0,0,0,0
33,0.5140516256449952,17.13,12,1,0,0,0,0,0,0,0,1,0,0,1,1,0,1,0,1,0,0,1,1,0,0,1,1,1,0,0,1,0,0,0,0,0
33,0.5140516256449952,17.13,12,1,0,0,0,0,0,0,0,1,0,0,1,1,0,1,0,1,0,0,1,1,0,0,1,1,1,0,0,1,0,0,0,0,0
33,0.5140516256449952,17.13,12,1,0,0,0,0,0,0,0,1,0,0,1,1,0,1,0,1,0,0,1,1,0,0,1,1,1,0,0,1,0,0,0,0,0
33,0.5140516256449952,17.13,12,1,0,0,0,0,0,0,0,1,0,0,1,1,0,1,0,1,0,0,1,1,0,0,1,1,1,0,0,1,0,0,0,0,0
34,0.5140516256449952,17.13,12,1,0,0,0,0,0,0,0,1,0,0,1,1,0,1,0,1,0,0,1,1,0,0,1,1,1,0,0,1,0,0,0,0,0
34,0.5140516256449952,17.13,12,1,0,0,0,0,0,0,0,1,0,0,1,1,0,1,0,1,0,0,1,1,0,0,1,1,1,0,0,1,0,0,0,0,0
34,0.5140516256449952,17.13,12,1,0,0,0,0,0,0,0,1,0,0,1,1,0,1,0,1,0,0,1,1,0,0,1,1,1,0,0,1,0,0,0,0,0
34,0.5140516256449952,17.13,12,1,0,0,0,0,0,0,0,1,0,0,1,1,0,1,0,1,0,0,1,1,0,0,1,1,1,0,0,1,0,0,0,0,0
34,0.5140516256449952,17.13,12,1,0,0,0,0,0,0,0,1,0,0,1,1,0,1,0,1,0,0,1,1,0,0,1,1,1,0,0,1,0,0,0,0,0
34,0.5140516256449952,17.13,12,1,0,0,0,0,0,0,0,1,0,0,1,1,0,1,0,1,0,0,1,1,0,0,1,1,1,0,0,1,0,0,0,0,0
34,0.5140516256449952,17.13,12,1,0,0,0,0,0,0,0,1,0,0,1,1,0,1,0,1,0,0,1,1,0,0,1,1,1,0,0,1,0,0,0,0,0
34,0.5140516256449952,17.13,12,1,0,0,0,0,0,0,0,1,0,0,1,1,0,1,0,1,0,0,1,1,0,0,1,1,1,0,0,1,0,0,0,0,0
34,0.5140516256449952,17.13,12,1,0,0,0,0,0,0,0,1,0,0,1,1,0,1,0,1,0,0,1,1,0,0,1,1,1,0,0,1,0,0,0,0,0
34,0.5140516256449952,17.13,12,1,0,0,0,0,0,0,0,1,0,0,1,1,0,1,0,1,0,0,1,1,0,0,1,1,1,0,0,1,0,0,0,0,0
35,0.5140516256449952,17.13,12,1,0,0,0,0,0,0,0,1,0,0,1,1,0,1,0,1,0,0,1,1,0,0,1,1,1,0,0,1,0,0,0,0,0
35,0.5140516256449952,17.13,12,1,0,0,0,0,0,0,0,1,0,0,1,1,0,1,0,1,0,0,1,1,0,0,1,1,1,0,0,1,0,0,0,0,0
35,0.5140516256449952,17.13,12,1,0,0,0,0,0,0,0,1,0,0,1,1,0,1,0,1,0,0,1,1,0,0,1,1,1,0,0,1,0,0,0,0,0
35,0.5140516256449952,17.13,12,1,0,0,0,0,0,0,0,1,0,0,1,1,0,1,0,1,0,0,1,1,0,0,1,1,1,0,0,1,0,0,0,0,0
35,0.5140516256449952,17.13,12,1,0,0,0,0,0,0,0,1,0,0,1,1,0,1,0,1,0,0,1,1,0,0,1,1,1,0,0,1,0,0,0,0,0
35,0.5140516256449952,17.13,12,1,0,0,0,0,0,0,0,1,0,0,1,1,0,1,0,1,0,0,1,1,0,0,1,1,1,0,0,1,0,0,0,0,0
36,0.5140516256449952,17.13,12,1,0,0,0,0,0,0,0,1,0,0,1,1,0,1,0,1,0,0,1,1,0,0,1,1,1,0,0,1,0,0,0,0,0
36,0.5140516256449952,17.13,12,1,0,0,0,0,0,0,0,1,0,0,1,1,0,1,0,1,0,0,1,1,0,0,1,1,1,0,0,1,0,0,0,0,0
36,0.5140516256449952,17.13,12,1,0,0,0,0,0,0,0,1,0,0,1,1,0,1,0,1,0,0,1,1,0,0,1,1,1,0,0,1,0,0,0,0,0
36,0.5140516256449952,17.13,12,1,0,0,0,0,0,0,0,1,0,0,1,1,0,1,0,1,0,0,1,1,0,0,1,1,1,0,0,1,0,0,0,0,0
36,0.5140516256449952,17.13,12,1,0,0,0,0,0,0,0,1,0,0,1,1,0,1,0,1,0,0,1,1,0,0,1,1,1,0,0,1,0,0,0,0,0
36,0.5140516256449952,17.13,12,1,0,0,0,0,0,0,0,1,0,0,1,1,0,1,0,1,0,0,1,1,0,0,1,1,1,0,0,1,0,0,0,0,0
37,0.5140516256449952,17.13,12,1,0,0,0,0,0,0,0,1,0,0,1,1,0,1,0,1,0,0,1,1,0,0,1,1,1,0,0,1,0,0,0,0,0
37,0.5140516256449952,17.13,12,1,0,0,0,0,0,0,0,1,0,0,1,1,0,1,0,1,0,0,1,1,0,0,1,1,1,0,0,1,0,0,0,0,0
37,0.5140516256449952,17.13,12,1,0,0,0,0,0,0,0,1,0,0,1,1,0,1,0,1,0,0,1,1,0,0,1,1,1,0,0,1,0,0,0,0,0
37,0.5140516256449952,17.13,12,1,0,0,0,0,0,0,0,1,0,0,1,1,0,1,0,1,0,0,1,1,0,0,1,1,1,0,0,1,0,0,0,0,0
37,0.5140516256449952,17.13,12,1,0,0,0,0,0,0,0,1,0,0,1,1,0,1,0,1,0,0,1,1,0,0,1,1,1,0,0,1,0,0,0,0,0
37,0.5140516256449952,17.13,12,1,0,0,0,0,0,0,0,1,0,0,1,1,0,1,0,1,0,0,1,1,0,0,1,1,1,0,0,1,0,0,0,0,0
37,0.5140516256449952,17.13,12,1,0,0,0,0,0,0,0,1,0,0,1,1,0,1,0,1,0,0,1,1,0,0,1,1,1,0,0,1,0,0,0,0,0
37,0.5140516256449952,17.13,12,1,0,0,0,0,0,0,0,1,0,0,1,1,0,1,0,1,0,0,1,1,0,0,1,1,1,0,0,1,0,0,0,0,0
37,0.5140516256449952,17.13,12,1,0,0,0,0,0,0,0,1,0,0,1,1,0,1,0,1,0,0,1,1,0,0,1,1,1,0,0,1,0,0,0,0,0
37,0.5140516256449952,17.13,12,1,0,0,0,0,0,0,0,1,0,0,1,1,0,1,0,1,0,0,1,1,0,0,1,1,1,0,0,1,0,0,0,0,0
37,0.5140516256449952,17.13,12,1,0,0,0,0,0,0,0,1,0,0,1,1,0,1,0,1,0,0,1,1,0,0,1,1,1,0,0,1,0,0,0,0,0
37,0.5140516256449952,17.13,12,1,0,0,0,0,0,0,0,1,0,0,1,1,0,1,0,1,0,0,1,1,0,0,1,1,1,0,0,1,0,0,0,0,0
38,0.5140516256449952,17.13,12,1,0,0,0,0,0,0,0,1,0,0,1,1,0,1,0,1,0,0,1,1,0,0,1,1,1,0,0,1,0,0,0,0,0
38,0.5140516256449952,17.13,12,1,0,0,0,0,0,0,0,1,0,0,1,1,0,1,0,1,0,0,1,1,0,0,1,1,1,0,0,1,0,0,0,0,0
38,0.5140516256449952,17.13,12,1,0,0,0,0,0,0,0,1,0,0,1,1,0,1,0,1,0,0,1,1,0,0,1,1,1,0,0,1,0,0,0,0,0
38,0.5140516256449952,17.13,12,1,0,0,0,0,0,0,0,1,0,0,1,1,0,1,0,1,0,0,1,1,0,0,1,1,1,0,0,1,0,0,0,0,0
38,0.5140516256449952,17.13,12,1,0,0,0,0,0,0,0,1,0,0,1,1,0,1,0,1,0,0,1,1,0,0,1,1,1,0,0,1,0,0,0,0,0
38,0.5140516256449952,17.13,12,1,0,0,0,0,0,0,0,1,0,0,1,1,0,1,0,1,0,0,1,1,0,0,1,1,1,0,0,1,0,0,0,0,0
38,0.5140516256449952,17.13,12,1,0,0,0,0,0,0,0,1,0,0,1,1,0,1,0,1,0,0,1,1,0,0,1,1,1,0,0,1,0,0,0,0,0
38,0.5140516256449952,17.13,12,1,0,0,0,0,0,0,0,1,0,0,1,1,0,1,0,1,0,0,1,1,0,0,1,1,1,0,0,1,0,0,0,0,0
39,0.5140516256449952,17.13,12,1,0,0,0,0,0,0,0,1,0,0,1,1,0,1,0,1,0,0,1,1,0,0,1,1,1,0,0,1,0,0,0,0,0
39,0.5140516256449952,17.13,12,1,0,0,0,0,0,0,0,1,0,0,1,1,0,1,0,1,0,0,1,1,0,0,1,1,1,0,0,1,0,0,0,0,0
39,0.5140516256449952,17.13,12,1,0,0,0,0,0,0,0,1,0,0,1,1,0,1,0,1,0,0,1,1,0,0,1,1,1,0,0,1,0,0,0,0,0
39,0.5140516256449952,17.13,12,1,0,0,0,0,0,0,0,1,0,0,1,1,0,1,0,1,0,0,1,1,0,0,1,1,1,0,0,1,0,0,0,0,0
39,0.5140516256449952,17.13,12,1,0,0,0,0,0,0,0,1,0,0,1,1,0,1,0,1,0,0,1,1,0,0,1,1,1,0,0,1,0,0,0,0,0
39,0.5140516256449952,17.13,12,1,0,0,0,0,0,0,0,1,0,0,1,1,0,1,0,1,0,0,1,1,0,0,1,1,1,0,0,1,0,0,0,0,0
39,0.5140516256449952,17.13,12,1,0,0,0,0,0,0,0,1,0,0,1,1,0,1,0,1,0,0,1,1,0,0,1,1,1,0,0,1,0,0,0,0,0
39,0.5140516256449952,17.13,12,1,0,0,0,0,0,0,0,1,0,0,1,1,0,1,0,1,0,0,1,1,0,0,1,1,1,0,0,1,0,0,0,0,0
39,0.5140516256449952,17.13,12,1,0,0,0,0,0,0,0,1,0,0,1,1,0,1,0,1,0,0,1,1,0,0,1,1,1,0,0,1,0,0,0,0,0
39,0.5140516256449952,17.13,12,1,0,0,0,0,0,0,0,1,0,0,1,1,0,1,0,1,0,0,1,1,0,0,1,1,1,0,0,1,0,0,0,0,0
39,0.5140516256449952,17.13,12,1,0,0,0,0,0,0,0,1,0,0,1,1,0,1,0,1,0,0,1,1,0,0,1,1,1,0,0,1,0,0,0,0,0
39,0.5140516256449952,17.13,12,1,0,0,0,0,0,0,0,1,0,0,1,1,0,1,0,1,0,0,1,1,0,0,1,1,1,0,0,1,0,0,0,0,0
40,0.5140516256449952,17.13,12,1,0,0,0,0,0,0,0,1,0,0,1,1,0,1,0,1,0,0,1,1,0,0,1,1,1,0,0,1,0,0,0,0,0
40,0.5140516256449952,17.13,12,1,0,0,0,0,0,0,0,1,0,0,1,1,0,1,0,1,0,0,1,1,0,0,1,1,1,0,0,1,0,0,0,0,0
40,0.5140516256449952,17.13,12,1,0,0,0,0,0,0,0,1,0,0,1,1,0,1,0,1,0,0,1,1,0,0,1,1,1,0,0,1,0,0,0,0,0
40,0.5140516256449952,17.13,12,1,0,0,0,0,0,0,0,1,0,0,1,1,0,1,0,1,0,0,1,1,0,0,1,1,1,0,0,1,0,0,0,0,0
40,0.5140516256449952,17.13,12,1,0,0,0,0,0,0,0,1,0,0,1,1,0,1,0,1,0,0,1,1,0,0,1,1,1,0,0,1,0,0,0,0,0
40,0.5140516256449952,17.13,12,1,0,0,0,0,0,0,0,1,0,0,1,1,0,1,0,1,0,0,1,1,0,0,1,1,1,0,0,1,0,0,0,0,0
40,0.5140516256449952,17.13,12,1,0,0,0,0,0,0,0,1,0,0,1,1,0,1,0,1,0,0,1,1,0,0,1,1,1,0,0,1,0,0,0,0,0
40,0.5140516256449952,17.13,12,1,0,0,0,0,0,0,0,1,0,0,1,1,0,1,0,1,0,0,1,1,0,0,1,1,1,0,0,1,0,0,0,0,0
40,0.5140516256449952,17.13,12,1,0,0,0,0,0,0,0,1,0,0,1,1,0,1,0,1,0,0,1,1,0,0,1,1,1,0,0,1,0,0,0,0,0
40,0.5140516256449952,17.13,12,1,0,0,0,0,0,0,0,1,0,0,1,1,0,1,0,1,0,0,1,1,0,0,1,1,1,0,0,1,0,0,0,0,0
40,0.5140516256449952,17.13,12,1,0,0,0,0,0,0,0,1,0,0,1,1,0,1,0,1,0,0,1,1,0,0,1,1,1,0,0,1,0,0,0,0,0
40,0.5140516256449952,17.13,12,1,0,0,0,0,0,0,0,1,0,0,1,1,0,1,0,1,0,0,1,1,0,0,1,1,1,0,0,1,0,0,0,0,0
41,0.5140516256449952,17.13,12,1,0,0,0,0,0,0,0,1,0,0,1,1,0,1,0,1,0,0,1,1,0,0,1,1,1,0,0,1,0,0,0,0,0
41,0.5140516256449952,17.13,12,1,0,0,0,0,0,0,0,1,0,0,1,1,0,1,0,1,0,0,1,1,0,0,1,1,1,0,0,1,0,0,0,0,0
41,0.5140516256449952,17.13,12,1,0,0,0,0,0,0,0,1,0,0,1,1,0,1,0,1,0,0,1,1,0,0,1,1,1,0,0,1,0,0,0,0,0
41,0.5140516256449952,17.13,12,1,0,0,0,0,0,0,0,1,0,0,1,1,0,1,0,1,0,0,1,1,0,0,1,1,1,0,0,1,0,0,0,0,0
41,0.5140516256449952,17.13,12,1,0,0,0,0,0,0,0,1,0,0,1,1,0,1,0,1,0,0,1,1,0,0,1,1,1,0,0,1,0,0,0,0,0
41,0.5140516256449952,17.13,12,1,0,0,0,0,0,0,0,1,0,0,1,1,0,1,0,1,0,0,1,1,0,0,1,1,1,0,0,1,0,0,0,0,0
41,0.5140516256449952,17.13,12,1,0,0,0,0,0,0,0,1,0,0,1,1,0,1,0,1,0,0,1,1,0,0,1,1,1,0,0,1,0,0,0,0,0
41,0.5140516256449952,17.13,12,1,0,0,0,0,0,0,0,1,0,0,1,1,0,1,0,1,0,0,1,1,0,0,1,1,1,0,0,1,0,0,0,0,0
41,0.5140516256449952,17.13,12,1,0,0,0,0,0,0,0,1,0,0,1,1,0,1,0,1,0,0,1,1,0,0,1,1,1,0,0,1,0,0,0,0,0
41,0.5140516256449952,17.13,12,1,0,0,0,0,0,0,0,1,0,0,1,1,0,1,0,1,0,0,1,1,0,0,1,1,1,0,0,1,0,0,0,0,0
41,0.5140516256449952,17.13,12,1,0,0,0,0,0,0,0,1,0,0,1,1,0,1,0,1,0,0,1,1,0,0,1,1,1,0,0,1,0,0,0,0,0
41,0.5140516256449952,17.13,12,1,0,0,0,0,0,0,0,1,0,0,1,1,0,1,0,1,0,0,1,1,0,0,1,1,1,0,0,1,0,0,0,0,0
42,0.5140516256449952,17.13,12,1,0,0,0,0,0,0,0,1,0,0,1,1,0,1,0,1,0,0,1,1,0,0,1,1,1,0,0,1,0,0,0,0,0
42,0.5140516256449952,17.13,12,1,0,0,0,0,0,0,0,1,0,0,1,1,0,1,0,1,0,0,1,1,0,0,1,1,1,0,0,1,0,0,0,0,0
42,0.5140516256449952,17.13,12,1,0,0,0,0,0,0,0,1,0,0,1,1,0,1,0,1,0,0,1,1,0,0,1,1,1,0,0,1,0,0,0,0,0
42,0.5140516256449952,17.13,12,1,0,0,0,0,0,0,0,1,0,0,1,1,0,1,0,1,0,0,1,1,0,0,1,1,1,0,0,1,0,0,0,0,0
42,0.5140516256449952,17.13,12,1,0,0,0,0,0,0,0,1,0,0,1,1,0,1,0,1,0,0,1,1,0,0,1,1,1,0,0,1,0,0,0,0,0
42,0.5140516256449952,17.13,12,1,0,0,0,0,0,0,0,1,0,0,1,1,0,1,0,1,0,0,1,1,0,0,1,1,1,0,0,1,0,0,0,0,0
42,0.5140516256449952,17.13,12,1,0,0,0,0,0,0,0,1,0,0,1,1,0,1,0,1,0,0,1,1,0,0,1,1,1,0,0,1,0,0,0,0,0
42,0.5140516256449952,17.13,12,1,0,0,0,0,0,0,0,1,0,0,1,1,0,1,0,1,0,0,1,1,0,0,1,1,1,0,0,1,0,0,0,0,0
42,0.5140516256449952,17.13,12,1,0,0,0,0,0,0,0,1,0,0,1,1,0,1,0,1,0,0,1,1,0,0,1,1,1,0,0,1,0,0,0,0,0
42,0.5140516256449952,17.13,12,1,0,0,0,0,0,0,0,1,0,0,1,1,0,1,0,1,0,0,1,1,0,0,1,1,1,0,0,1,0,0,0,0,0
42,0.5140516256449952,17.13,12,1,0,0,0,0,0,0,0,1,0,0,1,1,0,1,0,1,0,0,1,1,0,0,1,1,1,0,0,1,0,0,0,0,0
42,0.5140516256449952,17.13,12,1,0,0,0,0,0,0,0,1,0,0,1,1,0,1,0,1,0,0,1,1,0,0,1,1,1,0,0,1,0,0,0,0,0
42,0.5140516256449952,17.13,12,1,0,0,0,0,0,0,0,1,0,0,1,1,0,1,0,1,0,0,1,1,0,0,1,1,1,0,0,1,0,0,0,0,0
42,0.5140516256449952,17.13,12,1,0,0,0,0,0,0,0,1,0,0,1,1,0,1,0,1,0,0,1,1,0,0,1,1,1,0,0,1,0,0,0,0,0
43,0.5140516256449952,17.13,12,1,0,0,0,0,0,0,0,1,0,0,1,1,0,1,0,1,0,0,1,1,0,0,1,1,1,0,0,1,0,0,0,0,0
43,0.5140516256449952,17.13,12,1,0,0,0,0,0,0,0,1,0,0,1,1,0,1,0,1,0,0,1,1,0,0,1,1,1,0,0,1,0,0,0,0,0
43,0.5140516256449952,17.13,12,1,0,0,0,0,0,0,0,1,0,0,1,1,0,1,0,1,0,0,1,1,0,0,1,1,1,0,0,1,0,0,0,0,0
43,0.5140516256449952,17.13,12,1,0,0,0,0,0,0,0,1,0,0,1,1,0,1,0,1,0,0,1,1,0,0,1,1,1,0,0,1,0,0,0,0,0
43,0.5140516256449952,17.13,12,1,0,0,0,0,0,0,0,1,0,0,1,1,0,1,0,1,0,0,1,1,0,0,1,1,1,0,0,1,0,0,0,0,0
43,0.5140516256449952,17.13,12,1,0,0,0,0,0,0,0,1,0,0,1,1,0,1,0,1,0,0,1,1,0,0,1,1,1,0,0,1,0,0,0,0,0
43,0.5140516256449952,17.13,12,1,0,0,0,0,0,0,0,1,0,0,1,1,0,1,0,1,0,0,1,1,0,0,1,1,1,0,0,1,0,0,0,0,0
43,0.5140516256449952,17.13,12,1,0,0,0,0,0,0,0,1,0,0,1,1,0,1,0,1,0,0,1,1,0,0,1,1,1,0,0,1,0,0,0,0,0
43,0.5140516256449952,17.13,12,1,0,0,0,0,0,0,0,1,0,0,1,1,0,1,0,1,0,0,1,1,0,0,1,1,1,0,0,1,0,0,0,0,0
43,0.5140516256449952,17.13,12,1,0,0,0,0,0,0,0,1,0,0,1,1,0,1,0,1,0,0,1,1,0,0,1,1,1,0,0,1,0,0,0,0,0
44,0.5140516256449952,17.13,12,1,0,0,0,0,0,0,0,1,0,0,1,1,0,1,0,1,0,0,1,1,0,0,1,1,1,0,0,1,0,0,0,0,0
44,0.5140516256449952,17.13,12,1,0,0,0,0,0,0,0,1,0,0,1,1,0,1,0,1,0,0,1,1,0,0,1,1,1,0,0,1,0,0,0,0,0
44,0.5140516256449952,17.13,12,1,0,0,0,0,0,0,0,1,0,0,1,1,0,1,0,1,0,0,1,1,0,0,1,1,1,0,0,1,0,0,0,0,0
44,0.5140516256449952,17.13,12,1,0,0,0,0,0,0,0,1,0,0,1,1,0,1,0,1,0,0,1,1,0,0,1,1,1,0,0,1,0,0,0,0,0
44,0.5140516256449952,17.13,12,1,0,0,0,0,0,0,0,1,0,0,1,1,0,1,0,1,0,0,1,1,0,0,1,1,1,0,0,1,0,0,0,0,0
44,0.5140516256449952,17.13,12,1,0,0,0,0,0,0,0,1,0,0,1,1,0,1,0,1,0,0,1,1,0,0,1,1,1,0,0,1,0,0,0,0,0
45,0.5140516256449952,17.13,12,1,0,0,0,0,0,0,0,1,0,0,1,1,0,1,0,1,0,0,1,1,0,0,1,1,1,0,0,1,0,0,0,0,0
45,0.5140516256449952,17.13,12,1,0,0,0,0,0,0,0,1,0,0,1,1,0,1,0,1,0,0,1,1,0,0,1,1,1,0,0,1,0,0,0,0,0
45,0.5140516256449952,17.13,12,1,0,0,0,0,0,0,0,1,0,0,1,1,0,1,0,1,0,0,1,1,0,0,1,1,1,0,0,1,0,0,0,0,0
45,0.5140516256449952,17.13,12,1,0,0,0,0,0,0,0,1,0,0,1,1,0,1,0,1,0,0,1,1,0,0,1,1,1,0,0,1,0,0,0,0,0
45,0.5140516256449952,17.13,12,1,0,0,0,0,0,0,0,1,0,0,1,1,0,1,0,1,0,0,1,1,0,0,1,1,1,0,0,1,0,0,0,0,0
45,0.5140516256449952,17.13,12,1,0,0,0,0,0,0,0,1,0,0,1,1,0,1,0,1,0,0,1,1,0,0,1,1,1,0,0,1,0,0,0,0,0
45,0.5140516256449952,17.13,12,1,0,0,0,0,0,0,0,1,0,0,1,1,0,1,0,1,0,0,1,1,0,0,1,1,1,0,0,1,0,0,0,0,0
45,0.5140516256449952,17.13,12,1,0,0,0,0,0,0,0,1,0,0,1,1,0,1,0,1,0,0,1,1,0,0,1,1,1,0,0,1,0,0,0,0,0
45,0.5140516256449952,17.13,12,1,0,0,0,0,0,0,0,1,0,0,1,1,0,1,0,1,0,0,1,1,0,0,1,1,1,0,0,1,0,0,0,0,0
45,0.5140516256449952,17.13,12,1,0,0,0,0,0,0,0,1,0,0,1,1,0,1,0,1,0,0,1,1,0,0,1,1,1,0,0,1,0,0,0,0,0
45,0.5140516256449952,17.13,12,1,0,0,0,0,0,0,0,1,0,0,1,1,0,1,0,1,0,0,1,1,0,0,1,1,1,0,0,1,0,0,0,0,0
45,0.5140516256449952,17.13,12,1,0,0,0,0,0,0,0,1,0,0,1,1,0,1,0,1,0,0,1,1,0,0,1,1,1,0,0,1,0,0,0,0,0
46,0.5140516256449952,17.13,12,1,0,0,0,0,0,0,0,1,0,0,1,1,0,1,0,1,0,0,1,1,0,0,1,1,1,0,0,1,0,0,0,0,0
46,0.5140516256449952,17.13,12,1,0,0,0,0,0,0,0,1,0,0,1,1,0,1,0,1,0,0,1,1,0,0,1,1,1,0,0,1,0,0,0,0,0
46,0.5140516256449952,17.13,12,1,0,0,0,0,0,0,0,1,0,0,1,1,0,1,0,1,0,0,1,1,0,0,1,1,1,0,0,1,0,0,0,0,0
46,0.5140516256449952,17.13,12,1,0,0,0,0,0,0,0,1,0,0,1,1,0,1,0,1,0,0,1,1,0,0,1,1,1,0,0,1,0,0,0,0,0
46,0.5140516256449952,17.13,12,1,0,0,0,0,0,0,0,1,0,0,1,1,0,1,0,1,0,0,1,1,0,0,1,1,1,0,0,1,0,0,0,0,0
46,0.5140516256449952,17.13,12,1,0,0,0,0,0,0,0,1,0,0,1,1,0,1,0,1,0,0,1,1,0,0,1,1,1,0,0,1,0,0,0,0,0
46,0.5140516256449952,17.13,12,1,0,0,0,0,0,0,0,1,0,0,1,1,0,1,0,1,0,0,1,1,0,0,1,1,1,0,0,1,0,0,0,0,0
46,0.5140516256449952,17.13,12,1,0,0,0,0,0,0,0,1,0,0,1,1,0,1,0,1,0,0,1,1,0,0,1,1,1,0,0,1,0,0,0,0,0
46,0.5140516256449952,17.13,12,1,0,0,0,0,0,0,0,1,0,0,1,1,0,1,0,1,0,0,1,1,0,0,1,1,1,0,0,1,0,0,0,0,0
46,0.5140516256449952,17.13,12,1,0,0,0,0,0,0,0,1,0,0,1,1,0,1,0,1,0,0,1,1,0,0,1,1,1,0,0,1,0,0,0,0,0
47,0.5140516256449952,17.13,12,1,0,0,0,0,0,0,0,1,0,0,1,1,0,1,0,1,0,0,1,1,0,0,1,1,1,0,0,1,0,0,0,0,0
47,0.5140516256449952,17.13,12,1,0,0,0,0,0,0,0,1,0,0,1,1,0,1,0,1,0,0,1,1,0,0,1,1,1,0,0,1,0,0,0,0,0
47,0.5140516256449952,17.13,12,1,0,0,0,0,0,0,0,1,0,0,1,1,0,1,0,1,0,0,1,1,0,0,1,1,1,0,0,1,0,0,0,0,0
47,0.5140516256449952,17.13,12,1,0,0,0,0,0,0,0,1,0,0,1,1,0,1,0,1,0,0,1,1,0,0,1,1,1,0,0,1,0,0,0,0,0
47,0.5140516256449952,17.13,12,1,0,0,0,0,0,0,0,1,0,0,1,1,0,1,0,1,0,0,1,1,0,0,1,1,1,0,0,1,0,0,0,0,0
47,0.5140516256449952,17.13,12,1,0,0,0,0,0,0,0,1,0,0,1,1,0,1,0,1,0,0,1,1,0,0,1,1,1,0,0,1,0,0,0,0,0
47,0.5140516256449952,17.13,12,1,0,0,0,0,0,0,0,1,0,0,1,1,0,1,0,1,0,0,1,1,0,0,1,1,1,0,0,1,0,0,0,0,0
47,0.5140516256449952,17.13,12,1,0,0,0,0,0,0,0,1,0,0,1,1,0,1,0,1,0,0,1,1,0,0,1,1,1,0,0,1,0,0,0,0,0
47,0.5140516256449952,17.13,12,1,0,0,0,0,0,0,0,1,0,0,1,1,0,1,0,1,0,0,1,1,0,0,1,1,1,0,0,1,0,0,0,0,0
47,0.5140516256449952,17.13,12,1,0,0,0,0,0,0,0,1,0,0,1,1,0,1,0,1,0,0,1,1,0,0,1,1,1,0,0,1,0,0,0,0,0
48,0.5140516256449952,17.13,12,1,0,0,0,0,0,0,0,1,0,0,1,1,0,1,0,1,0,0,1,1,0,0,1,1,1,0,0,1,0,0,0,0,0
48,0.5140516256449952,17.13,12,1,0,0,0,0,0,0,0,1,0,0,1,1,0,1,0,1,0,0,1,1,0,0,1,1,1,0,0,1,0,0,0,0,0
48,0.5140516256449952,17.13,12,1,0,0,0,0,0,0,0,1,0,0,1,1,0,1,0,1,0,0,1,1,0,0,1,1,1,0,0,1,0,0,0,0,0
48,0.5140516256449952,17.13,12,1,0,0,0,0,0,0,0,1,0,0,1,1,0,1,0,1,0,0,1,1,0,0,1,1,1,0,0,1,0,0,0,0,0
48,0.5140516256449952,17.13,12,1,0,0,0,0,0,0,0,1,0,0,1,1,0,1,0,1,0,0,1,1,0,0,1,1,1,0,0,1,0,0,0,0,0
48,0.5140516256449952,17.13,12,1,0,0,0,0,0,0,0,1,0,0,1,1,0,1,0,1,0,0,1,1,0,0,1,1,1,0,0,1,0,0,0,0,0
48,0.5140516256449952,17.13,12,1,0,0,0,0,0,0,0,1,0,0,1,1,0,1,0,1,0,0,1,1,0,0,1,1,1,0,0,1,0,0,0,0,0
48,0.5140516256449952,17.13,12,1,0,0,0,0,0,0,0,1,0,0,1,1,0,1,0,1,0,0,1,1,0,0,1,1,1,0,0,1,0,0,0,0,0
48,0.5140516256449952,17.13,12,1,0,0,0,0,0,0,0,1,0,0,1,1,0,1,0,1,0,0,1,1,0,0,1,1,1,0,0,1,0,0,0,0,0
48,0.5140516256449952,17.13,12,1,0,0,0,0,0,0,0,1,0,0,1,1,0,1,0,1,0,0,1,1,0,0,1,1,1,0,0,1,0,0,0,0,0
